update,frames,FPS,duration,rreturn_mean,rreturn_std,rreturn_min,rreturn_max,policy_loss,value_loss,return_mean,return_std,return_min,return_max
1,256,68.71983737770655,3,-0.5,0.5,-1.0,0.0,"['None', 'None', '0.127']","['None', 'None', '0.052']",-1.0,0.0,-1.0,-1.0
update,frames,FPS,duration,rreturn_mean,rreturn_std,rreturn_min,rreturn_max,policy_loss,value_loss,return_mean,return_std,return_min,return_max
2,512,85.9043970985494,6,-0.6666666666666666,0.4714045207910317,-1.0,0.0,"['None', 'None', '0.183']","['None', 'None', '0.089']",-1.0,0.0,-1.0,-1.0
update,frames,FPS,duration,rreturn_mean,rreturn_std,rreturn_min,rreturn_max,policy_loss,value_loss,return_mean,return_std,return_min,return_max
3,768,73.2581783869842,10,-0.5,0.5,-1.0,0.0,"['None', 'None', '0.080']","['None', 'None', '0.026']",-1.0,0.0,-1.0,-1.0
update,frames,FPS,duration,rreturn_mean,rreturn_std,rreturn_min,rreturn_max,policy_loss,value_loss,return_mean,return_std,return_min,return_max
4,1024,86.9220076784997,13,0.0,0.0,0.0,0.0,"['None', 'None', '0.014']","['None', 'None', '0.000']",0.0,0.0,0,0
update,frames,FPS,duration,rreturn_mean,rreturn_std,rreturn_min,rreturn_max,policy_loss,value_loss,return_mean,return_std,return_min,return_max
5,1280,118.04293860390227,15,0.0,0.0,0.0,0.0,"['None', 'None', '0.013']","['None', 'None', '0.000']",0.0,0.0,0,0
update,frames,FPS,duration,rreturn_mean,rreturn_std,rreturn_min,rreturn_max,policy_loss,value_loss,return_mean,return_std,return_min,return_max
6,1536,77.18238024438051,18,-0.75,0.4330127018922193,-1.0,0.0,"['None', 'None', '0.187']","['None', 'None', '0.073']",-1.0,0.0,-1.0,-1.0
update,frames,FPS,duration,rreturn_mean,rreturn_std,rreturn_min,rreturn_max,policy_loss,value_loss,return_mean,return_std,return_min,return_max
7,1792,93.5582160902362,21,-0.6666666666666666,0.4714045207910317,-1.0,0.0,"['None', 'None', '0.088']","['None', 'None', '0.033']",-1.0,0.0,-1.0,-1.0
update,frames,FPS,duration,rreturn_mean,rreturn_std,rreturn_min,rreturn_max,policy_loss,value_loss,return_mean,return_std,return_min,return_max
8,2048,62.14889651949059,25,-0.8333333333333334,0.37267799624996495,-1.0,0.0,"['None', 'None', '0.154']","['None', 'None', '0.056']",-1.0,0.0,-1.0,-1.0
update,frames,FPS,duration,rreturn_mean,rreturn_std,rreturn_min,rreturn_max,policy_loss,value_loss,return_mean,return_std,return_min,return_max
9,2304,79.4857195183547,28,-0.8888888888888888,0.3142696805273545,-1.0,0.0,"['None', 'None', '0.275']","['None', 'None', '0.078']",-1.0,0.0,-1.0,-1.0
update,frames,FPS,duration,rreturn_mean,rreturn_std,rreturn_min,rreturn_max,policy_loss,value_loss,return_mean,return_std,return_min,return_max
10,2560,88.41625247608565,31,-0.75,0.4330127018922193,-1.0,0.0,"['None', 'None', '0.018']","['None', 'None', '0.022']",-1.0,0.0,-1.0,-1.0
11,2816,105.27888001832332,41,-0.152368426322937,0.6390321499745136,-1.0,0.542894721031189,"['None', 'None', '-0.125']","['None', 'None', '0.026']",-0.22855263948440552,0.7714473605155945,-1.0,0.542894721031189
12,3072,77.78947006185605,44,-0.5,0.5,-1.0,0.0,"['None', 'None', '-0.016']","['None', 'None', '0.014']",-1.0,0.0,-1.0,-1.0
13,3328,97.10679893851399,47,-0.5,0.5,-1.0,0.0,"['None', 'None', '-0.005']","['None', 'None', '0.011']",-1.0,0.0,-1.0,-1.0
14,3584,121.23548383855183,49,-0.8,0.4,-1.0,0.0,"['None', 'None', '0.033']","['None', 'None', '0.024']",-1.0,0.0,-1.0,-1.0
15,3840,69.65941292837945,53,-0.5,0.5,-1.0,0.0,"['None', 'None', '-0.025']","['None', 'None', '0.014']",-1.0,0.0,-1.0,-1.0
16,4096,93.85137273154369,56,0.0,0.0,0.0,0.0,"['None', 'None', '-0.056']","['None', 'None', '0.000']",0.0,0.0,0,0
17,4352,116.78132702664048,58,0.0,0.0,0.0,0.0,"['None', 'None', '-0.046']","['None', 'None', '0.000']",0.0,0.0,0,0
18,4608,104.00739036859531,60,-0.5,0.5,-1.0,0.0,"['None', 'None', '0.007']","['None', 'None', '0.017']",-1.0,0.0,-1.0,-1.0
19,4864,78.83025248778792,64,-0.5,0.5,-1.0,0.0,"['None', 'None', '0.006']","['None', 'None', '0.005']",-1.0,0.0,-1.0,-1.0
20,5120,77.2412783412008,67,-0.5,0.5,-1.0,0.0,"['None', 'None', '0.006']","['None', 'None', '0.016']",-1.0,0.0,-1.0,-1.0
21,5376,77.8121149403297,83,-0.5,0.5,-1.0,0.0,"['None', 'None', '0.003']","['None', 'None', '0.013']",-1.0,0.0,-1.0,-1.0
22,5632,113.37676799151222,85,-0.5,0.5,-1.0,0.0,"['None', 'None', '0.007']","['None', 'None', '0.018']",-1.0,0.0,-1.0,-1.0
23,5888,90.82452753757204,88,-0.5,0.5,-1.0,0.0,"['None', 'None', '0.004']","['None', 'None', '0.018']",-1.0,0.0,-1.0,-1.0
24,6144,73.63472795884077,92,-0.5,0.5,-1.0,0.0,"['None', 'None', '0.009']","['None', 'None', '0.013']",-1.0,0.0,-1.0,-1.0
25,6400,96.04399693837583,94,0.0,0.0,0.0,0.0,"['None', 'None', '-0.043']","['None', 'None', '0.002']",0.0,0.0,0,0
26,6656,89.78138528192824,97,0.0,0.0,0.0,0.0,"['None', 'None', '-0.039']","['None', 'None', '0.000']",0.0,0.0,0,0
27,6912,118.64297523820763,99,0.0,0.0,0.0,0.0,"['None', 'None', '-0.028']","['None', 'None', '0.000']",0.0,0.0,0,0
28,7168,92.52252258773098,102,-0.5,0.5,-1.0,0.0,"['None', 'None', '0.022']","['None', 'None', '0.010']",-1.0,0.0,-1.0,-1.0
29,7424,75.56402501503199,106,0.0,0.0,0.0,0.0,"['None', 'None', '-0.024']","['None', 'None', '0.002']",0.0,0.0,0,0
30,7680,114.2466800114189,108,0.0,0.0,0.0,0.0,"['None', 'None', '-0.051']","['None', 'None', '0.002']",0.0,0.0,0,0
31,7936,108.74991229043897,115,-0.6666666666666666,0.4714045207910317,-1.0,0.0,"['None', 'None', '0.054']","['None', 'None', '0.035']",-1.0,0.0,-1.0,-1.0
32,8192,108.77474425204042,117,-0.5,0.5,-1.0,0.0,"['None', 'None', '0.009']","['None', 'None', '0.017']",-1.0,0.0,-1.0,-1.0
33,8448,97.87390500028941,120,-0.6666666666666666,0.4714045207910317,-1.0,0.0,"['None', 'None', '0.028']","['None', 'None', '0.023']",-1.0,0.0,-1.0,-1.0
34,8704,102.01189645906055,122,-0.5,0.5,-1.0,0.0,"['None', 'None', '-0.020']","['None', 'None', '0.006']",-1.0,0.0,-1.0,-1.0
35,8960,88.2693279444858,125,0.0,0.0,0.0,0.0,"['None', 'None', '-0.054']","['None', 'None', '0.000']",0.0,0.0,0,0
36,9216,79.97504417002254,128,0.0,0.0,0.0,0.0,"['None', 'None', '-0.042']","['None', 'None', '0.000']",0.0,0.0,0,0
37,9472,96.95530694274812,131,0.0,0.0,0.0,0.0,"['None', 'None', '-0.036']","['None', 'None', '0.000']",0.0,0.0,0,0
38,9728,70.73946537224921,135,0.0,0.0,0.0,0.0,"['None', 'None', '-0.025']","['None', 'None', '0.000']",0.0,0.0,0,0
39,9984,83.83735608656812,138,0.0,0.0,0.0,0.0,"['None', 'None', '-0.025']","['None', 'None', '0.000']",0.0,0.0,0,0
40,10240,73.31849612871979,141,0.0,0.0,0.0,0.0,"['None', 'None', '-0.021']","['None', 'None', '0.000']",0.0,0.0,0,0
41,10496,102.65487107406064,154,0.0,0.0,0.0,0.0,"['None', 'None', '-0.018']","['None', 'None', '0.000']",0.0,0.0,0,0
42,10752,108.61291266898984,157,-0.5,0.5,-1.0,0.0,"['None', 'None', '0.034']","['None', 'None', '0.012']",-1.0,0.0,-1.0,-1.0
43,11008,81.19332248932645,160,-0.8571428571428571,0.3499271061118826,-1.0,0.0,"['None', 'None', '0.192']","['None', 'None', '0.083']",-1.0,0.0,-1.0,-1.0
44,11264,96.73929330000401,162,-0.32342104613780975,0.7211929940753632,-1.0,0.706315815448761,"['None', 'None', '-0.050']","['None', 'None', '0.042']",-0.43122806151707965,0.8043649892997816,-1.0,0.706315815448761
45,11520,92.88816206082056,165,-0.13026314973831177,0.6633832554033413,-1.0,0.6092105507850647,"['None', 'None', '-0.114']","['None', 'None', '0.022']",-0.19539472460746765,0.8046052753925323,-1.0,0.6092105507850647
46,11776,88.61085217426898,168,0.47798246145248413,0.3529035622185325,0.0,0.8413158059120178,"['None', 'None', '-0.186']","['None', 'None', '0.020']",0.7169736921787262,0.12434211373329163,0.5926315784454346,0.8413158059120178
47,12032,70.48300898539667,172,-0.043578946590423585,0.8461455485817417,-1.0,0.9171052575111389,"['None', 'None', '-0.065']","['None', 'None', '0.064']",-0.05447368323802948,0.9457057604232764,-1.0,0.9171052575111389
48,12288,95.67157762229438,174,0.4811403552691142,0.34038381893947917,0.0,0.7347368597984314,"['None', 'None', '-0.149']","['None', 'None', '0.012']",0.7217105329036713,0.013026326894760132,0.7086842060089111,0.7347368597984314
49,12544,102.03082794074328,177,0.616776317358017,0.35687880120425725,0.0,0.8531578779220581,"['None', 'None', '-0.167']","['None', 'None', '0.013']",0.8223684231440226,0.02727970831748612,0.7868421077728271,0.8531578779220581
50,12800,88.63837817155485,180,0.6863157868385314,0.3468163457816222,0.0,0.9076315760612488,"['None', 'None', '-0.108']","['None', 'None', '0.009']",0.8578947335481644,0.05617203358177394,0.7678947448730469,0.9076315760612488
51,13056,117.60598545913453,184,0.7405701776345571,0.3328459308788806,0.0,0.928947389125824,"['None', 'None', '-0.096']","['None', 'None', '0.005']",0.8886842131614685,0.036291752820044335,0.8271052837371826,0.928947389125824
52,13312,119.33312795098207,186,0.7472806970278422,0.33520970968710007,0.0,0.9407894611358643,"['None', 'None', '-0.070']","['None', 'None', '0.003']",0.8967368364334106,0.02856280319071702,0.8626315593719482,0.9407894611358643
53,13568,118.96948363803972,188,0.8039473742246628,0.3043701230012492,0.0,0.9478947520256042,"['None', 'None', '-0.072']","['None', 'None', '0.002']",0.9187969991139003,0.018765238848331506,0.8981578946113586,0.9478947520256042
54,13824,118.20214939654522,190,0.8057236820459366,0.3058258415918571,0.0,0.9573684334754944,"['None', 'None', '-0.029']","['None', 'None', '0.003']",0.9208270651953561,0.030008069358056142,0.8721052408218384,0.9573684334754944
55,14080,88.1901086863586,193,0.7813533885138375,0.32089141404900157,0.0,0.9526315927505493,"['None', 'None', '-0.008']","['None', 'None', '0.003']",0.9115789532661438,0.03771337790973664,0.8318421244621277,0.9526315927505493
56,14336,88.11369958329595,196,0.7776315808296204,0.31822668660058356,0.0,0.9384210705757141,"['None', 'None', '-0.006']","['None', 'None', '0.002']",0.9072368443012238,0.023740075233893237,0.8744736909866333,0.9384210705757141
57,14592,120.25746033125569,198,0.6077193021774292,0.6378886107813244,-1.0,0.9549999833106995,"['None', 'None', '0.015']","['None', 'None', '0.055']",0.6836842149496078,0.6370467824129806,-1.0,0.9549999833106995
58,14848,89.07445843561247,201,0.8030592128634453,0.304108779721328,0.0,0.9360526204109192,"['None', 'None', '-0.060']","['None', 'None', '0.003']",0.9177819575582232,0.020085328020306072,0.8721052408218384,0.9360526204109192
59,15104,120.2104596379183,203,0.6779665079983798,0.5949635860394041,-1.0,0.9668421149253845,"['None', 'None', '-0.011']","['None', 'None', '0.044']",0.7457631587982178,0.5820821171688126,-1.0,0.9668421149253845
60,15360,89.45170200289196,206,0.8791700372329125,0.25410624748618155,0.0,0.9715789556503296,"['None', 'None', '-0.084']","['None', 'None', '0.002']",0.9524342070023218,0.013096398733622297,0.9313157796859741,0.9715789556503296
61,15616,89.24909285242937,210,0.8879699238709041,0.2464308021129061,0.0,0.9763157963752747,"['None', 'None', '-0.033']","['None', 'None', '0.000']",0.9562753026302044,0.008988263903453383,0.9407894611358643,0.9763157963752747
62,15872,120.9657624010425,212,0.824415213531918,0.29243958703429096,0.0,0.9644736647605896,"['None', 'None', '0.050']","['None', 'None', '0.001']",0.9274671152234077,0.025174909985792367,0.8839473724365234,0.9644736647605896
63,16128,87.96508994340208,215,0.7000526309013366,0.35120182963069313,0.0,0.9052631855010986,"['None', 'None', '0.062']","['None', 'None', '0.001']",0.8750657886266708,0.03209952546330769,0.8223684430122375,0.9052631855010986
64,16384,119.52274956846254,217,-0.8333333333333334,0.37267799624996495,-1.0,0.0,"['None', 'None', '0.463']","['None', 'None', '0.319']",-1.0,0.0,-1.0,-1.0
65,16640,118.45184646185088,219,-0.6666666666666666,0.4714045207910317,-1.0,0.0,"['None', 'None', '0.144']","['None', 'None', '0.064']",-1.0,0.0,-1.0,-1.0
66,16896,87.55201273315615,222,0.36144736409187317,0.36144736409187317,0.0,0.7228947281837463,"['None', 'None', '0.018']","['None', 'None', '0.001']",0.7228947281837463,0.0,0.7228947281837463,0.7228947281837463
67,17152,122.13539267780375,224,-0.9285714285714286,0.25753937681885636,-1.0,0.0,"['None', 'None', '0.427']","['None', 'None', '0.280']",-1.0,0.0,-1.0,-1.0
68,17408,121.28670090093408,226,-0.9090909090909091,0.28747978728803447,-1.0,0.0,"['None', 'None', '0.325']","['None', 'None', '0.178']",-1.0,0.0,-1.0,-1.0
69,17664,120.99801432154108,229,-0.875,0.33071891388307384,-1.0,0.0,"['None', 'None', '0.263']","['None', 'None', '0.083']",-1.0,0.0,-1.0,-1.0
70,17920,121.2433142342372,231,-1.0,0.0,-1.0,-1.0,"['None', 'None', '0.163']","['None', 'None', '0.068']",-1.0,0.0,-1.0,-1.0
71,18176,113.75199513778689,236,-0.5,0.5,-1.0,0.0,"['None', 'None', '-0.024']","['None', 'None', '0.007']",-1.0,0.0,-1.0,-1.0
72,18432,88.6375367038555,239,-0.75,0.4330127018922193,-1.0,0.0,"['None', 'None', '0.069']","['None', 'None', '0.022']",-1.0,0.0,-1.0,-1.0
73,18688,113.68861882231988,241,0.0,0.0,0.0,0.0,"['None', 'None', '-0.066']","['None', 'None', '0.000']",0.0,0.0,0,0
74,18944,88.61462565513426,244,-0.5,0.5,-1.0,0.0,"['None', 'None', '-0.012']","['None', 'None', '0.008']",-1.0,0.0,-1.0,-1.0
75,19200,87.73343083836212,247,0.0,0.0,0.0,0.0,"['None', 'None', '-0.047']","['None', 'None', '0.000']",0.0,0.0,0,0
76,19456,87.89060963437392,250,-0.5,0.5,-1.0,0.0,"['None', 'None', '-0.017']","['None', 'None', '0.009']",-1.0,0.0,-1.0,-1.0
77,19712,117.8750066416691,252,0.2892105281352997,0.2892105281352997,0.0,0.5784210562705994,"['None', 'None', '-0.136']","['None', 'None', '0.023']",0.5784210562705994,0.0,0.5784210562705994,0.5784210562705994
78,19968,118.81249933608342,254,0.0,0.0,0.0,0.0,"['None', 'None', '-0.057']","['None', 'None', '0.000']",0.0,0.0,0,0
79,20224,118.17472603340526,256,0.0,0.0,0.0,0.0,"['None', 'None', '-0.018']","['None', 'None', '0.001']",0.0,0.0,0,0
80,20480,119.359207531087,258,-0.5,0.5,-1.0,0.0,"['None', 'None', '0.022']","['None', 'None', '0.016']",-1.0,0.0,-1.0,-1.0
81,20736,118.07857170192354,267,0.0,0.0,0.0,0.0,"['None', 'None', '-0.045']","['None', 'None', '0.000']",0.0,0.0,0,0
82,20992,119.09494737432878,269,0.0,0.0,0.0,0.0,"['None', 'None', '-0.029']","['None', 'None', '0.000']",0.0,0.0,0,0
83,21248,118.21059492061032,271,-0.5,0.5,-1.0,0.0,"['None', 'None', '0.029']","['None', 'None', '0.011']",-1.0,0.0,-1.0,-1.0
84,21504,119.39222794320901,273,-0.328157901763916,0.7144446923412783,-1.0,0.6873683929443359,"['None', 'None', '0.007']","['None', 'None', '0.037']",-0.4375438690185547,0.795433088673858,-1.0,0.6873683929443359
85,21760,118.34794859421957,275,0.0,0.0,0.0,0.0,"['None', 'None', '-0.024']","['None', 'None', '0.000']",0.0,0.0,0,0
86,22016,117.66452134804076,277,-0.6666666666666666,0.4714045207910317,-1.0,0.0,"['None', 'None', '0.065']","['None', 'None', '0.036']",-1.0,0.0,-1.0,-1.0
87,22272,117.46032425312988,280,0.0,0.0,0.0,0.0,"['None', 'None', '-0.028']","['None', 'None', '0.000']",0.0,0.0,0,0
88,22528,118.45826282323907,282,0.0,0.0,0.0,0.0,"['None', 'None', '-0.020']","['None', 'None', '0.000']",0.0,0.0,0,0
89,22784,118.71865184560123,284,0.0,0.0,0.0,0.0,"['None', 'None', '-0.015']","['None', 'None', '0.000']",0.0,0.0,0,0
90,23040,118.22135853147421,286,0.0,0.0,0.0,0.0,"['None', 'None', '-0.013']","['None', 'None', '0.000']",0.0,0.0,0,0
91,23296,118.22115026889668,292,0.0,0.0,0.0,0.0,"['None', 'None', '-0.011']","['None', 'None', '0.000']",0.0,0.0,0,0
92,23552,88.13714087586699,295,-0.6666666666666666,0.4714045207910317,-1.0,0.0,"['None', 'None', '0.065']","['None', 'None', '0.028']",-1.0,0.0,-1.0,-1.0
93,23808,118.62693145172739,297,-0.05605262517929077,0.7488959940386016,-1.0,0.8318421244621277,"['None', 'None', '-0.059']","['None', 'None', '0.035']",-0.08407893776893616,0.9159210622310638,-1.0,0.8318421244621277
94,24064,87.508358609417,300,0.0,0.0,0.0,0.0,"['None', 'None', '-0.028']","['None', 'None', '0.001']",0.0,0.0,0,0
95,24320,118.3478181511169,302,-0.75,0.4330127018922193,-1.0,0.0,"['None', 'None', '0.079']","['None', 'None', '0.047']",-1.0,0.0,-1.0,-1.0
96,24576,118.86413662079444,304,-0.6666666666666666,0.4714045207910317,-1.0,0.0,"['None', 'None', '0.049']","['None', 'None', '0.031']",-1.0,0.0,-1.0,-1.0
97,24832,117.61206573707426,306,-0.18631578485171,0.6028782964521646,-1.0,0.44105264544487,"['None', 'None', '-0.065']","['None', 'None', '0.010']",-0.279473677277565,0.720526322722435,-1.0,0.44105264544487
98,25088,118.04232867983752,308,0.0,0.0,0.0,0.0,"['None', 'None', '-0.037']","['None', 'None', '0.001']",0.0,0.0,0,0
99,25344,87.49866756544135,311,0.30105262994766235,0.30105262994766235,0.0,0.6021052598953247,"['None', 'None', '-0.082']","['None', 'None', '0.002']",0.6021052598953247,0.0,0.6021052598953247,0.6021052598953247
100,25600,117.50200961428187,313,0.3425000011920929,0.3425000011920929,0.0,0.6850000023841858,"['None', 'None', '-0.068']","['None', 'None', '0.003']",0.6850000023841858,0.0,0.6850000023841858,0.6850000023841858
101,25856,117.87214690971732,319,-0.6666666666666666,0.4714045207910317,-1.0,0.0,"['None', 'None', '0.056']","['None', 'None', '0.035']",-1.0,0.0,-1.0,-1.0
102,26112,102.913174165496,321,-0.5,0.5,-1.0,0.0,"['None', 'None', '-0.036']","['None', 'None', '0.003']",-1.0,0.0,-1.0,-1.0
103,26368,88.08829783891404,324,0.25486841797828674,0.25486841797828674,0.0,0.5097368359565735,"['None', 'None', '-0.041']","['None', 'None', '0.002']",0.5097368359565735,0.0,0.5097368359565735,0.5097368359565735
104,26624,117.4771079547077,327,0.6919999837875366,0.3463435196261868,0.0,0.8863157629966736,"['None', 'None', '-0.243']","['None', 'None', '0.016']",0.8649999797344208,0.017242360502809646,0.8389473557472229,0.8863157629966736
105,26880,119.19461723555634,329,0.6839473605155945,0.3465276080946821,0.0,0.9147368669509888,"['None', 'None', '-0.172']","['None', 'None', '0.010']",0.8549342006444931,0.06260376568904863,0.7513157725334167,0.9147368669509888
106,27136,119.30773585582827,331,0.8080921098589897,0.3073289841954377,0.0,0.9668421149253845,"['None', 'None', '-0.198']","['None', 'None', '0.012']",0.9235338398388454,0.03646608414726911,0.850789487361908,0.9668421149253845
107,27392,120.5081350765349,333,0.824152045779758,0.2917018915866957,0.0,0.9431579113006592,"['None', 'None', '-0.132']","['None', 'None', '0.003']",0.9271710515022278,0.014491476434342614,0.8957894444465637,0.9431579113006592
108,27648,118.94093893550621,335,0.8304678400357565,0.294656730200464,0.0,0.9715789556503296,"['None', 'None', '-0.053']","['None', 'None', '0.004']",0.934276320040226,0.026260379784715362,0.8792105317115784,0.9715789556503296
109,27904,121.33299779819188,337,0.8692982445160548,0.2624576278544214,0.0,0.9668421149253845,"['None', 'None', '-0.046']","['None', 'None', '0.002']",0.9483253576538779,0.014239855684481328,0.921842098236084,0.9668421149253845
110,28160,121.510893400157,339,0.9590601452759334,0.010455926132355483,0.9313157796859741,0.9692105054855347,"['None', 'None', '-0.042']","['None', 'None', '0.001']",0.9590601452759334,0.010455926132355483,0.9313157796859741,0.9692105054855347
111,28416,120.80019377679915,342,0.8970175385475159,0.2398950712556519,0.0,0.9715789556503296,"['None', 'None', '-0.009']","['None', 'None', '0.001']",0.9610902198723384,0.008983694910140266,0.933684229850769,0.9715789556503296
112,28672,90.42177280235524,345,0.8710745672384897,0.26296614798933804,0.0,0.9715789556503296,"['None', 'None', '0.010']","['None', 'None', '0.001']",0.9502631642601707,0.013698922617222602,0.9242105484008789,0.9715789556503296
113,28928,88.57583118171824,348,-0.75,0.4330127018922193,-1.0,0.0,"['None', 'None', '0.360']","['None', 'None', '0.255']",-1.0,0.0,-1.0,-1.0
114,29184,117.36799691665503,350,-0.5,0.5,-1.0,0.0,"['None', 'None', '0.154']","['None', 'None', '0.071']",-1.0,0.0,-1.0,-1.0
115,29440,89.08050333792062,353,-0.9,0.3,-1.0,0.0,"['None', 'None', '0.540']","['None', 'None', '0.407']",-1.0,0.0,-1.0,-1.0
116,29696,117.92726970399838,355,-0.6666666666666666,0.4714045207910317,-1.0,0.0,"['None', 'None', '0.127']","['None', 'None', '0.069']",-1.0,0.0,-1.0,-1.0
117,29952,117.99454061614553,357,-0.8333333333333334,0.37267799624996495,-1.0,0.0,"['None', 'None', '0.294']","['None', 'None', '0.131']",-1.0,0.0,-1.0,-1.0
118,30208,118.54771991942557,359,-0.75,0.4330127018922193,-1.0,0.0,"['None', 'None', '0.137']","['None', 'None', '0.043']",-1.0,0.0,-1.0,-1.0
119,30464,88.18154062762905,362,0.0,0.0,0.0,0.0,"['None', 'None', '-0.033']","['None', 'None', '0.001']",0.0,0.0,0,0
120,30720,89.27265977682954,365,-0.6666666666666666,0.4714045207910317,-1.0,0.0,"['None', 'None', '0.065']","['None', 'None', '0.029']",-1.0,0.0,-1.0,-1.0
121,30976,119.63134702747125,369,-0.6673355251550674,0.5994419238567805,-1.0,0.6613157987594604,"['None', 'None', '0.020']","['None', 'None', '0.067']",-0.7626691716057914,0.5813394297978487,-1.0,0.6613157987594604
122,31232,117.99319211185191,372,-0.8333333333333334,0.37267799624996495,-1.0,0.0,"['None', 'None', '0.075']","['None', 'None', '0.040']",-1.0,0.0,-1.0,-1.0
123,31488,118.05194545040554,374,0.1511184275150299,0.7409534412737893,-1.0,0.8128947615623474,"['None', 'None', '-0.195']","['None', 'None', '0.034']",0.20149123668670654,0.8496271671927103,-1.0,0.8128947615623474
124,31744,117.1875370664683,376,0.20855262875556946,0.7920063192044176,-1.0,0.9384210705757141,"['None', 'None', '-0.141']","['None', 'None', '0.054']",0.2780701716740926,0.9038996576607705,-1.0,0.9384210705757141
125,32000,119.38143590360511,378,-0.8,0.4,-1.0,0.0,"['None', 'None', '0.015']","['None', 'None', '0.023']",-1.0,0.0,-1.0,-1.0
126,32256,118.88060001087233,380,0.1635526418685913,0.7544148432520837,-1.0,0.9147368669509888,"['None', 'None', '-0.162']","['None', 'None', '0.040']",0.21807018915812174,0.8642725394470332,-1.0,0.9147368669509888
127,32512,117.33384270359339,382,0.0,0.0,0.0,0.0,"['None', 'None', '-0.056']","['None', 'None', '0.004']",0.0,0.0,0,0
128,32768,117.98993767556459,385,0.1333552598953247,0.7276518326538388,-1.0,0.848421037197113,"['None', 'None', '-0.077']","['None', 'None', '0.029']",0.17780701319376627,0.8355032929921731,-1.0,0.848421037197113
129,33024,118.133406885577,387,0.21388158202171326,0.7966457447698893,-1.0,0.933684229850769,"['None', 'None', '-0.071']","['None', 'None', '0.032']",0.2851754426956177,0.9087691301613051,-1.0,0.933684229850769
130,33280,118.124751468581,389,0.3535789489746094,0.7654368996902873,-1.0,0.9431579113006592,"['None', 'None', '-0.052']","['None', 'None', '0.027']",0.4419736862182617,0.8326457298260029,-1.0,0.9431579113006592
131,33536,119.05827585228079,392,0.7397807041803995,0.34914149150421053,0.0,0.9692105054855347,"['None', 'None', '-0.139']","['None', 'None', '0.016']",0.8877368450164795,0.12220318997925622,0.6447368264198303,0.9692105054855347
132,33792,88.98794669285121,395,0.8370467887984382,0.2965107921254499,0.0,0.9621052742004395,"['None', 'None', '-0.071']","['None', 'None', '0.013']",0.941677637398243,0.019492325907444825,0.8957894444465637,0.9621052742004395
133,34048,89.2533140974179,398,0.9414999902248382,0.01505577676856371,0.9076315760612488,0.9597368240356445,"['None', 'None', '-0.033']","['None', 'None', '0.002']",0.9414999902248382,0.01505577676856371,0.9076315760612488,0.9597368240356445
134,34304,88.17163475356097,401,0.4313157896200816,0.7209602003302288,-1.0,0.9478947520256042,"['None', 'None', '0.068']","['None', 'None', '0.098']",0.517578947544098,0.7609811680075279,-1.0,0.9478947520256042
135,34560,119.31681742648861,403,0.31667762994766235,0.815057501009284,-1.0,0.9384210705757141,"['None', 'None', '-0.011']","['None', 'None', '0.077']",0.361917291368757,0.8618865296168016,-1.0,0.9384210705757141
136,34816,88.1689269560759,406,0.7066842079162597,0.35439901070654856,0.0,0.9123684167861938,"['None', 'None', '-0.029']","['None', 'None', '0.004']",0.8833552598953247,0.03057810409881629,0.8342105150222778,0.9123684167861938
137,35072,119.09563427296206,408,0.6155921071767807,0.3661456231099753,0.0,0.9171052575111389,"['None', 'None', '0.015']","['None', 'None', '0.005']",0.8207894762357076,0.10161847939868487,0.6802631616592407,0.9171052575111389
138,35328,119.219471422084,410,-0.053526318073272704,0.8350284127953732,-1.0,0.8744736909866333,"['None', 'None', '0.136']","['None', 'None', '0.110']",-0.06690789759159088,0.933110512944434,-1.0,0.8744736909866333
139,35584,88.29559658386567,413,0.42342105507850647,0.7144136043105113,-1.0,0.9194737076759338,"['None', 'None', '-0.039']","['None', 'None', '0.037']",0.5081052660942078,0.7546096103659242,-1.0,0.9194737076759338
140,35840,120.0025284823071,415,0.7362280686696371,0.32983958476582226,0.0,0.9123684167861938,"['None', 'None', '-0.078']","['None', 'None', '0.008']",0.8834736824035645,0.02157214479142757,0.850789487361908,0.9123684167861938
141,36096,119.76008139397669,419,0.5054511172430856,0.6901749473493505,-1.0,0.9455263018608093,"['None', 'None', '-0.004']","['None', 'None', '0.057']",0.5896929701169332,0.7113753387001776,-1.0,0.9455263018608093
142,36352,119.81380252124751,421,0.4514473736286163,0.7764897898130224,-1.0,0.9621052742004395,"['None', 'None', '-0.070']","['None', 'None', '0.075']",0.5016081929206848,0.8029746250006269,-1.0,0.9621052742004395
143,36608,89.68224339031613,424,0.5749392692859356,0.7169114287209498,-1.0,0.9668421149253845,"['None', 'None', '-0.050']","['None', 'None', '0.065']",0.6228508750597636,0.7259134779261639,-1.0,0.9668421149253845
144,36864,90.06316791416812,427,0.8689035127560297,0.26215906707223496,0.0,0.9621052742004395,"['None', 'None', '-0.082']","['None', 'None', '0.016']",0.9478947411883961,0.009997486214270981,0.9313157796859741,0.9621052742004395
145,37120,89.65003066701466,429,0.8710745672384897,0.26276698024694956,0.0,0.9668421149253845,"['None', 'None', '-0.045']","['None', 'None', '0.008']",0.9502631642601707,0.00856927029142923,0.9360526204109192,0.9668421149253845
146,37376,89.10227326006104,432,0.4502631604671478,0.7756890885439243,-1.0,0.9526315927505493,"['None', 'None', '0.130']","['None', 'None', '0.155']",0.5002924005190531,0.8021964558112818,-1.0,0.9526315927505493
147,37632,118.53384783946613,434,0.3133157968521118,0.7355374330819979,-1.0,0.8602631688117981,"['None', 'None', '0.097']","['None', 'None', '0.074']",0.39164474606513977,0.8034874130358127,-1.0,0.8602631688117981
148,37888,118.86659728531532,437,0.424210528532664,0.7149912032959186,-1.0,0.9455263018608093,"['None', 'None', '0.041']","['None', 'None', '0.066']",0.5090526342391968,0.7551594583558785,-1.0,0.9455263018608093
149,38144,117.70242933086851,439,0.4632894694805145,0.4632894694805145,0.0,0.926578938961029,"['None', 'None', '0.056']","['None', 'None', '0.007']",0.926578938961029,0.0,0.926578938961029,0.926578938961029
150,38400,88.52505572895652,442,0.3298947334289551,0.7480189617610042,-1.0,0.9123684167861938,"['None', 'None', '-0.008']","['None', 'None', '0.029']",0.41236841678619385,0.815724167050335,-1.0,0.9123684167861938
151,38656,118.3675183166517,446,0.6891578912734986,0.34891606278389825,0.0,0.9407894611358643,"['None', 'None', '-0.025']","['None', 'None', '0.004']",0.8614473640918732,0.06131648526786469,0.7726315855979919,0.9407894611358643
152,38912,119.47636119244714,448,0.7393859724203745,0.33797502526578505,0.0,0.9502631425857544,"['None', 'None', '-0.032']","['None', 'None', '0.006']",0.8872631669044495,0.07659342891661237,0.7394737005233765,0.9502631425857544
153,39168,119.77528412754293,450,0.7358333369096121,0.3297688504333915,0.0,0.9123684167861938,"['None', 'None', '-0.001']","['None', 'None', '0.001']",0.8830000042915345,0.0234270298925053,0.855526328086853,0.9123684167861938
154,39424,119.67079986844192,452,0.6098245647218492,0.6386400138090624,-1.0,0.9621052742004395,"['None', 'None', '0.012']","['None', 'None', '0.062']",0.6860526353120804,0.6376105644745945,-1.0,0.9621052742004395
155,39680,118.73582336000113,454,0.7803383469581604,0.32146004294798636,0.0,0.9526315927505493,"['None', 'None', '-0.049']","['None', 'None', '0.006']",0.9103947381178538,0.04643990644290588,0.8176316022872925,0.9526315927505493
156,39936,90.05365804728132,457,0.608771926826901,0.6380523742355723,-1.0,0.9549999833106995,"['None', 'None', '0.002']","['None', 'None', '0.067']",0.6848684176802635,0.6370899489234969,-1.0,0.9549999833106995
157,40192,119.92039838334345,459,0.9347368412547641,0.03731649698209662,0.8342105150222778,0.9668421149253845,"['None', 'None', '-0.080']","['None', 'None', '0.007']",0.9347368412547641,0.03731649698209662,0.8342105150222778,0.9668421149253845
151,38656,69.02688382148595,3,1.5135087966918945,0.3658194823544899,1.0,1.8247368335723877,"['None', 'None', '-0.012', '-0.589']","['None', 'None', '0.003', '0.135']",0.7702631652355194,0.054473668336868286,0.7157894968986511,0.8247368335723877
152,38912,99.54914200270572,6,0.8357894817988077,0.6262394261303662,0.0,1.5073684453964233,"['None', 'None', '0.084', '-0.062']","['None', 'None', '0.048', '0.071']",-0.24631577730178833,0.7536842226982117,-1.0,0.5073684453964233
153,39168,82.85166402902512,9,1.1552631855010986,0.746486344657352,0.0,1.8863158226013184,"['None', 'None', '0.041', '-0.046']","['None', 'None', '0.063', '0.010']",0.20701754093170166,0.8557307010429954,-1.0,0.8863157629966736
154,39424,110.56564879592963,11,1.4901052474975587,0.7497269545538849,0.0,1.9407894611358643,"['None', 'None', '-0.165', '-0.046']","['None', 'None', '0.013', '0.021']",0.8626315742731094,0.0934551438123201,0.7039473652839661,0.9407894611358643
155,39680,103.1161356301301,14,1.5695614218711853,0.7030343506382858,0.0,1.9313157796859741,"['None', 'None', '-0.050', '-0.187']","['None', 'None', '0.004', '0.008']",0.8834736824035645,0.043165080336340964,0.8105263113975525,0.9313157796859741
156,39936,105.38782218860692,16,1.7779699223382133,0.31931096358841426,1.0,1.9431579113006592,"['None', 'None', '-0.070', '-0.127']","['None', 'None', '0.006', '0.009']",0.9076315859953562,0.035605187064254216,0.848421037197113,0.9431579113006592
157,40192,106.83222253507954,18,1.8275731139712863,0.29272212307957624,1.0,1.9431579113006592,"['None', 'None', '-0.070', '-0.086']","['None', 'None', '0.001', '0.002']",0.931019738316536,0.009282092375175719,0.9123684167861938,0.9431579113006592
151,38656,84.66363612565527,3,0.5,0.5,0.0,1.0,"['None', 'None', '0.130', '-0.726']","['None', 'None', '0.064', '0.200']",-1.0,0.0,-1.0,-1.0
152,38912,83.68074184214687,6,1.3744736909866333,0.3744736909866333,1.0,1.7489473819732666,"['None', 'None', '-0.022', '-0.152']","['None', 'None', '0.003', '0.001']",0.7489473819732666,0.0,0.7489473819732666,0.7489473819732666
153,39168,119.17739214017033,8,1.8002631664276123,0.13370338706220722,1.6115789413452148,1.9052631855010986,"['None', 'None', '-0.056', '-0.141']","['None', 'None', '0.004', '0.007']",0.8002631664276123,0.13370338706220722,0.6115789413452148,0.9052631855010986
154,39424,94.62794072610478,10,1.5715350707372029,0.7038438840716387,0.0,1.924210548400879,"['None', 'None', '-0.114', '-0.334']","['None', 'None', '0.005', '0.105']",0.8858420968055725,0.04173800615202615,0.8057894706726074,0.9242105484008789
155,39680,102.03408567830591,13,1.6108552813529968,0.35701413501333557,1.0,1.8886842727661133,"['None', 'None', '-0.016', '-0.076']","['None', 'None', '0.002', '0.008']",0.8144736886024475,0.06405936293018177,0.7323684096336365,0.8886842131614685
156,39936,93.83521528081522,16,1.5967982411384583,0.7143240338516497,0.0,1.9431579113006592,"['None', 'None', '-0.100', '0.006']","['None', 'None', '0.002', '0.003']",0.9161579012870789,0.019159345926612597,0.8910526037216187,0.9431579113006592
157,40192,111.73639355153045,18,1.6780592054128647,0.6350463450430297,0.0,1.9573683738708496,"['None', 'None', '-0.026', '-0.087']","['None', 'None', '0.002', '0.008']",0.9177819575582232,0.03405716380086002,0.855526328086853,0.9573684334754944
158,40448,114.64240788152136,20,1.8080921024084091,0.30674435516195564,1.0,1.9549999237060547,"['None', 'None', '-0.018', '-0.056']","['None', 'None', '0.002', '0.001']",0.9235338313238961,0.030323042105589726,0.8744736909866333,0.9549999833106995
159,40704,114.71153357801752,22,1.8587081649086692,0.27176173940438714,1.0,1.9715789556503296,"['None', 'None', '-0.045', '-0.045']","['None', 'None', '0.001', '0.001']",0.9445789515972137,0.011318967104761404,0.928947389125824,0.9715789556503296
160,40960,110.65644054243762,25,1.858277526768771,0.271755176140082,1.0,1.9597368240356445,"['None', 'None', '-0.019', '-0.029']","['None', 'None', '0.001', '0.001']",0.9441052675247192,0.014336285201494329,0.9123684167861938,0.9597368240356445
161,41216,111.77135700152562,30,1.7863596280415852,0.5387667304220132,0.0,1.9715789556503296,"['None', 'None', '-0.033', '-0.011']","['None', 'None', '0.001', '0.002']",0.9487559741193597,0.01367182046071745,0.9194737076759338,0.9715789556503296
162,41472,106.08827580019822,32,1.501315799626437,0.7564896741965169,0.0,1.9597368240356445,"['None', 'None', '0.139', '0.124']","['None', 'None', '0.223', '0.177']",0.5514473676681518,0.7757959472329736,-1.0,0.9597368240356445
163,41728,110.33280058069147,34,1.741754412651062,0.3339545916911871,1.0,1.9431579113006592,"['None', 'None', '-0.018', '0.060']","['None', 'None', '0.001', '0.002']",0.8901052713394165,0.04222437154095084,0.8318421244621277,0.9431579113006592
164,41984,117.89045935852609,37,1.649342119693756,0.37490657585369236,1.0,1.869736909866333,"['None', 'None', '0.025', '0.029']","['None', 'None', '0.000', '0.001']",0.8657894730567932,0.0029539498014323,0.8626315593719482,0.8697368502616882
165,42240,114.47319158699058,39,1.123263168334961,0.9174573007348338,0.0,1.9076316356658936,"['None', 'None', '0.137', '0.082']","['None', 'None', '0.179', '0.004']",0.40407894551754,0.8110932833253707,-1.0,0.9076315760612488
166,42496,114.33342959243215,41,1.3691447377204895,0.7904873188127789,0.0,1.8318421840667725,"['None', 'None', '-0.013', '0.044']","['None', 'None', '0.002', '0.001']",0.8255263169606527,0.004866654107984293,0.8199999928474426,0.8318421244621277
167,42752,116.9325405999951,43,1.6910526514053346,0.34923546163026864,1.0,1.9147368669509888,"['None', 'None', '-0.042', '-0.032']","['None', 'None', '0.003', '0.002']",0.8638157844543457,0.05675570513490763,0.770263135433197,0.9147368669509888
168,43008,113.66767753597298,45,1.0825876990954082,1.1563422502818965,-1.0,1.9549999237060547,"['None', 'None', '-0.014', '0.336']","['None', 'None', '0.002', '0.493']",0.4991052508354187,0.7507541040528087,-1.0,0.9549999833106995
169,43264,117.30237379206312,48,1.126578950881958,1.1170734205905692,-1.0,1.9289474487304688,"['None', 'None', '-0.016', '0.240']","['None', 'None', '0.002', '0.358']",0.4082237035036087,0.8143693899207907,-1.0,0.928947389125824
170,43520,114.13601055491092,50,0.18748539023929173,1.2679293793548505,-1.0,1.924210548400879,"['None', 'None', '0.163', '0.404']","['None', 'None', '0.197', '0.788']",-0.2890789434313774,0.9180067356266187,-1.0,0.9242105484008789
171,43776,111.39446431433656,55,1.2464737057685853,1.1561711174167268,-1.0,1.947894811630249,"['None', 'None', '-0.079', '-0.069']","['None', 'None', '0.002', '0.399']",0.4960818754302131,0.7999954187557783,-1.0,0.9478947520256042
172,44032,102.1276015510388,57,1.3928655121061537,1.0389542450182876,-1.0,1.9526315927505493,"['None', 'None', '0.104', '-0.126']","['None', 'None', '0.135', '0.228']",0.5039766165945265,0.8040170757715281,-1.0,0.9526315927505493
173,44288,109.37221591477427,59,1.7429210543632507,0.5811646118299352,0.0,1.9502631425857544,"['None', 'None', '-0.076', '-0.083']","['None', 'None', '0.002', '0.005']",0.9365789492925009,0.015701505337646568,0.9028947353363037,0.9502631425857544
174,44544,112.43539420908546,62,1.8433947324752809,0.2814050217206898,1.0,1.9526315927505493,"['None', 'None', '0.010', '-0.061']","['None', 'None', '0.000', '0.001']",0.9371052649286058,0.013073410521805101,0.9076315760612488,0.9526315927505493
175,44800,114.32098873742034,64,1.0644736886024475,0.9096590983596456,0.0,1.9526315927505493,"['None', 'None', '0.283', '0.280']","['None', 'None', '0.376', '0.224']",0.07163743178049724,0.9585972403474627,-1.0,0.9526315927505493
176,45056,111.04910833221636,66,0.9450526475906372,0.8351898211155775,0.0,1.947894811630249,"['None', 'None', '0.150', '0.261']","['None', 'None', '0.153', '0.101']",-0.06868420541286469,0.933265242424239,-1.0,0.9478947520256042
177,45312,99.21235866000436,69,0.949868400891622,1.1117465238756457,-1.0,1.9360525608062744,"['None', 'None', '0.045', '0.285']","['None', 'None', '0.162', '0.254']",0.13984209299087524,0.9309330935772273,-1.0,0.9360526204109192
178,45568,114.82082991363376,71,1.4853683948516845,0.7440311682385974,0.0,1.919473648071289,"['None', 'None', '-0.086', '-0.125']","['None', 'None', '0.010', '0.008']",0.8567105233669281,0.05003203141208581,0.7844736576080322,0.9194737076759338
179,45824,112.7141387067866,73,1.4945613940556843,0.3497291018562605,1.0,1.7465789318084717,"['None', 'None', '-0.039', '-0.042']","['None', 'None', '0.010', '0.004']",0.7418420910835266,0.004736840724945068,0.7371052503585815,0.7465789318084717
180,46080,111.73252170072813,76,0.773728092511495,1.1562344512996363,-1.0,1.9076316356658936,"['None', 'None', '0.060', '0.103']","['None', 'None', '0.130', '0.147']",0.12847368717193602,0.9215134119031966,-1.0,0.9076315760612488
181,46336,111.60906562517508,83,1.710473656654358,0.35822253190943026,1.0,1.933684229850769,"['None', 'None', '-0.081', '-0.182']","['None', 'None', '0.005', '0.031']",0.888092115521431,0.05160156345315436,0.8010526299476624,0.933684229850769
182,46592,111.93382932429085,85,1.6268421411514282,0.3660927096307806,1.0,1.9052631855010986,"['None', 'None', '-0.011', '-0.092']","['None', 'None', '0.010', '0.008']",0.8357894817988077,0.06373749087745388,0.7513157725334167,0.9052631855010986
183,46848,106.43176108511959,88,1.4423684080441792,0.726419289679685,0.0,1.933684229850769,"['None', 'None', '0.077', '0.075']","['None', 'None', '0.140', '0.073']",0.5308421015739441,0.7656738439449047,-1.0,0.933684229850769
184,47104,106.46189973498097,90,0.8872631549835205,1.1762019897053073,-1.0,1.8484210968017578,"['None', 'None', '-0.005', '0.082']","['None', 'None', '0.002', '0.256']",0.35907894372940063,0.7850243347868613,-1.0,0.848421037197113
185,47360,111.55244620404004,92,1.8501973450183868,0.045507407438977306,1.789210557937622,1.9171051979064941,"['None', 'None', '-0.012', '-0.090']","['None', 'None', '0.001', '0.025']",0.850197359919548,0.0455074464091818,0.7892104983329773,0.9171052575111389
186,47616,116.30739267873645,95,0.4840131402015686,0.8383353503600751,0.0,1.9360525608062744,"['None', 'None', '0.353', '0.003']","['None', 'None', '0.261', '0.008']",-0.3546491265296936,0.9126639577510305,-1.0,0.9360526204109192
187,47872,114.8820949261261,97,1.712368416786194,0.35724212915346815,1.0,1.933684229850769,"['None', 'None', '-0.054', '-0.006']","['None', 'None', '0.007', '0.006']",0.8904605358839035,0.03071538322901543,0.8602631688117981,0.933684229850769
188,48128,111.60263898726915,99,1.5695614020029705,0.7034198815749395,0.0,1.947894811630249,"['None', 'None', '-0.103', '-0.049']","['None', 'None', '0.003', '0.008']",0.8834736943244934,0.05013896888003023,0.7986842393875122,0.9478947520256042
189,48384,104.08099719999387,102,1.7453070282936096,0.3344164163092417,1.0,1.933684229850769,"['None', 'None', '-0.052', '-0.120']","['None', 'None', '0.004', '0.004']",0.8943684339523316,0.029755515803540245,0.8460526466369629,0.933684229850769
190,48640,115.90777653997945,104,1.4448157906532288,0.9979718567966938,-1.0,1.9573683738708496,"['None', 'None', '-0.049', '0.044']","['None', 'None', '0.001', '0.306']",0.7164619962374369,0.6072002352676116,-1.0,0.9573684334754944
191,48896,103.68089274297748,109,1.8312573035558064,0.29515073037846185,1.0,1.9644737243652344,"['None', 'None', '-0.022', '-0.124']","['None', 'None', '0.001', '0.004']",0.9351644665002823,0.028860192014279733,0.8792105317115784,0.9644736647605896
192,49152,110.583253113734,111,1.7448157787322998,0.5817811955668208,0.0,1.9644737243652344,"['None', 'None', '0.004', '-0.081']","['None', 'None', '0.001', '0.001']",0.9386842118369209,0.01508056887910293,0.9194737076759338,0.9644736647605896
193,49408,112.4935501286077,114,1.8582774942571467,0.2726057617434588,1.0,1.9621052742004395,"['None', 'None', '-0.004', '-0.031']","['None', 'None', '0.001', '0.001']",0.9441052615642548,0.026736952280755726,0.8673684000968933,0.9621052742004395
194,49664,113.35572601477504,116,1.829678350024753,0.293705996678964,1.0,1.9549999237060547,"['None', 'None', '-0.005', '0.019']","['None', 'None', '0.001', '0.001']",0.9333881586790085,0.015640417704134855,0.9100000262260437,0.9549999833106995
195,49920,106.51469403092565,118,1.1845906575520833,0.884442034258619,0.0,1.9526315927505493,"['None', 'None', '0.496', '0.273']","['None', 'None', '0.758', '0.143']",0.20766448229551315,0.9355350336563819,-1.0,0.9526315927505493
196,50176,115.68615139761248,120,1.1552631556987762,0.7504434514756908,0.0,1.9431579113006592,"['None', 'None', '0.143', '-0.016']","['None', 'None', '0.096', '0.011']",0.20701754093170166,0.8603331329124654,-1.0,0.9431579113006592
197,50432,94.64609925527166,123,1.5719298124313354,0.7050453882967056,0.0,1.9573683738708496,"['None', 'None', '-0.006', '-0.013']","['None', 'None', '0.003', '0.006']",0.8863157987594604,0.05895419780260306,0.7797368168830872,0.9573684334754944
198,50688,112.81807179077029,125,1.2020394802093506,1.0571166069258142,-1.0,1.9526315927505493,"['None', 'None', '0.099', '0.085']","['None', 'None', '0.188', '0.239']",0.37375939743859427,0.8692074439230657,-1.0,0.9526315927505493
199,50944,102.49854200381665,128,1.811644732952118,0.30702614922864596,1.0,1.9549999237060547,"['None', 'None', '-0.109', '-0.119']","['None', 'None', '0.002', '0.004']",0.9275939890316555,0.01332927108328591,0.9100000262260437,0.9549999833106995
200,51200,107.36724647587766,130,1.8063158094882965,0.305655692660786,1.0,1.9621052742004395,"['None', 'None', '-0.025', '-0.033']","['None', 'None', '0.002', '0.002']",0.9215037567274911,0.025014721952373403,0.8839473724365234,0.9621052742004395
201,51456,96.77702116122855,136,1.8589234677228061,0.27185199965094076,1.0,1.9692105054855347,"['None', 'None', '-0.031', '-0.092']","['None', 'None', '0.000', '0.001']",0.9448157906532287,0.011891736112931853,0.926578938961029,0.9692105054855347
202,51712,111.92533514791873,138,1.8625837456096301,0.2728705007690265,1.0,1.9644737243652344,"['None', 'None', '-0.012', '-0.031']","['None', 'None', '0.000', '0.000']",0.9488421022891999,0.007652593380777128,0.933684229850769,0.9644736647605896
203,51968,112.55940000010483,140,1.8275731007258098,0.29479079489466004,1.0,1.9621052742004395,"['None', 'None', '0.019', '-0.006']","['None', 'None', '0.001', '0.001']",0.931019738316536,0.03812418047058244,0.8342105150222778,0.9621052742004395
204,52224,112.05724517310067,143,1.8294152153862848,0.29374744864501834,1.0,1.9549999237060547,"['None', 'None', '0.007', '0.009']","['None', 'None', '0.001', '0.000']",0.9330921098589897,0.018259507728955276,0.9052631855010986,0.9549999833106995
205,52480,110.40094576930586,145,1.5044360842023576,0.6893645409450043,0.0,1.921842098236084,"['None', 'None', '0.146', '0.195']","['None', 'None', '0.248', '0.142']",0.5885087748368582,0.710598254378426,-1.0,0.921842098236084
206,52736,115.00796241398704,147,1.6576315760612488,0.3804070029919001,1.0,1.9100000858306885,"['None', 'None', '-0.011', '0.039']","['None', 'None', '0.002', '0.002']",0.8768421014149984,0.027073324127715993,0.843684196472168,0.9100000262260437
207,52992,115.30576626647878,149,1.6953157901763916,0.3499716029943815,1.0,1.921842098236084,"['None', 'None', '-0.008', '-0.012']","['None', 'None', '0.001', '0.006']",0.8691447377204895,0.0449181291272024,0.8199999928474426,0.921842098236084
208,53248,111.40861130015125,152,1.7071578741073608,0.35502600489949704,1.0,1.9360525608062744,"['None', 'None', '0.007', '-0.057']","['None', 'None', '0.001', '0.003']",0.8839473575353622,0.035801568663094675,0.848421037197113,0.9360526204109192
209,53504,111.21393238680018,154,1.5703508853912354,0.7025316947151994,0.0,1.921842098236084,"['None', 'None', '-0.010', '-0.035']","['None', 'None', '0.001', '0.003']",0.8844210386276246,0.02050565825441769,0.8626315593719482,0.921842098236084
210,53760,109.3391379153035,156,1.3205263316631317,0.8175627710231267,0.0,1.947894811630249,"['None', 'None', '0.052', '0.156']","['None', 'None', '0.101', '0.176']",0.36631579058510916,0.8643624468246175,-1.0,0.9478947520256042
211,54016,85.91828918439937,166,1.6972105264663697,0.3494325649781759,1.0,1.9171051979064941,"['None', 'None', '-0.052', '-0.014']","['None', 'None', '0.002', '0.002']",0.871513158082962,0.026867487192673168,0.850789487361908,0.9171052575111389
212,54272,98.62886907121164,168,0.44907893737157184,1.199269405387106,-1.0,1.933684229850769,"['None', 'None', '0.206', '0.618']","['None', 'None', '0.191', '1.352']",-0.26110526323318484,0.9066076375063126,-1.0,0.933684229850769
213,54528,116.12285507692448,170,1.3614473640918732,0.7889827096632216,0.0,1.8721052408218384,"['None', 'None', '-0.010', '-0.087']","['None', 'None', '0.004', '0.002']",0.8152631521224976,0.0787180860966203,0.7039473652839661,0.8721052408218384
214,54784,114.08084709565216,173,1.6962631702423097,0.3482971065017247,1.0,1.8863158226013184,"['None', 'None', '-0.069', '-0.002']","['None', 'None', '0.003', '0.003']",0.8703289330005646,0.012003828969024782,0.8531578779220581,0.8863157629966736
215,55040,109.19790757418725,175,1.6558552384376526,0.3808774885051432,1.0,1.9313157796859741,"['None', 'None', '-0.036', '0.033']","['None', 'None', '0.003', '0.004']",0.8744736711184183,0.04740787639949464,0.8152631521224976,0.9313157796859741
216,55296,109.61977640560167,177,1.3116447478532791,1.075808557119705,-1.0,1.9526315927505493,"['None', 'None', '-0.093', '0.108']","['None', 'None', '0.002', '0.258']",0.6418797033173698,0.6710146911154772,-1.0,0.9526315927505493
217,55552,110.77961420853902,180,1.7441228032112122,0.3359926114331101,1.0,1.9360525608062744,"['None', 'None', '-0.008', '-0.148']","['None', 'None', '0.001', '0.017']",0.8929473638534546,0.05076163358453875,0.7939473390579224,0.9360526204109192
218,55808,109.92474425602367,182,1.744122823079427,0.3355499133787618,1.0,1.945526361465454,"['None', 'None', '0.014', '-0.130']","['None', 'None', '0.001', '0.017']",0.8929473757743835,0.04711669819633971,0.8223684430122375,0.9455263018608093
219,56064,113.1312745795699,184,1.5622368603944778,0.6625259203610957,0.0,1.947894811630249,"['None', 'None', '0.063', '-0.103']","['None', 'None', '0.115', '0.052']",0.6425563948495048,0.6708476296294911,-1.0,0.9478947520256042
220,56320,113.80435613006068,187,1.7010000228881836,0.3508275414133738,1.0,1.9052631855010986,"['None', 'None', '-0.035', '0.025']","['None', 'None', '0.002', '0.001']",0.8762499988079071,0.016944990368936923,0.8626315593719482,0.9052631855010986
221,56576,110.95838225528672,194,1.6369079053401947,0.36966006448734606,1.0,1.9052631855010986,"['None', 'None', '0.016', '0.032']","['None', 'None', '0.001', '0.002']",0.8492105404535929,0.04368579705900965,0.7986842393875122,0.9052631855010986
222,56832,116.37827655439207,196,1.6351127794810705,0.6679388296688333,0.0,1.945526361465454,"['None', 'None', '-0.063', '-0.045']","['None', 'None', '0.001', '0.005']",0.9076315760612488,0.025176661275115416,0.8721052408218384,0.9455263018608093
223,57088,111.47545351518653,198,1.5028947353363038,0.7526547674143985,0.0,1.924210548400879,"['None', 'None', '0.014', '0.003']","['None', 'None', '0.001', '0.004']",0.8786184340715408,0.047645172274245716,0.8010526299476624,0.9242105484008789
224,57344,110.42358490905603,200,1.3497368267604284,0.8538377495869421,0.0,1.9100000858306885,"['None', 'None', '0.055', '0.039']","['None', 'None', '0.120', '0.032']",0.5746929744879404,0.7044916933212343,-1.0,0.9100000262260437
225,57600,103.26386742116783,203,1.197894737124443,1.0541827143605056,-1.0,1.9502631425857544,"['None', 'None', '0.001', '0.102']","['None', 'None', '0.084', '0.305']",0.36902254819869995,0.8660637209337576,-1.0,0.9502631425857544
226,57856,113.16959748732596,205,1.576271931330363,0.7050872469256525,0.0,1.9076316356658936,"['None', 'None', '-0.028', '-0.075']","['None', 'None', '0.001', '0.005']",0.8915263056755066,0.016299153798138427,0.8626315593719482,0.9076315760612488
227,58112,111.59840523495346,208,1.8069078922271729,0.30627285216068273,1.0,1.9526315927505493,"['None', 'None', '-0.045', '-0.107']","['None', 'None', '0.001', '0.006']",0.9221804567745754,0.030023318756684472,0.8531578779220581,0.9526315927505493
228,58368,110.40606544438124,210,1.806907907128334,0.3052960206143071,1.0,1.9502631425857544,"['None', 'None', '-0.015', '-0.039']","['None', 'None', '0.000', '0.002']",0.9221804652895246,0.014786908841688576,0.8981578946113586,0.9502631425857544
229,58624,109.43350204141535,212,1.7759398562567574,0.31728670610675014,1.0,1.933684229850769,"['None', 'None', '0.012', '0.004']","['None', 'None', '0.000', '0.002']",0.9052631656328837,0.019434533219596425,0.8744736909866333,0.933684229850769
230,58880,92.44710039775588,215,1.8045394718647003,0.3058072411316691,1.0,1.9597368240356445,"['None', 'None', '-0.003', '-0.029']","['None', 'None', '0.002', '0.002']",0.9194736906460353,0.03462387045372389,0.850789487361908,0.9597368240356445
231,59136,109.51707005463808,221,1.6438684225082398,0.8814104006931109,-1.0,1.9573683738708496,"['None', 'None', '-0.023', '0.152']","['None', 'None', '0.001', '0.467']",0.7438684225082397,0.581472794398802,-1.0,0.9573684334754944
232,59392,112.82805357069489,223,1.7931954860687256,0.3243689923213497,1.0,1.9621052742004395,"['None', 'None', '0.006', '-0.021']","['None', 'None', '0.001', '0.004']",0.9253947536150614,0.020362444692670945,0.9005263447761536,0.9621052742004395
233,59648,107.83485289155271,225,1.8459999918937684,0.2825464851884613,1.0,1.9597368240356445,"['None', 'None', '-0.017', '-0.047']","['None', 'None', '0.000', '0.002']",0.9399999976158142,0.0185147970454523,0.8934210538864136,0.9597368240356445
234,59904,106.05471329007288,228,1.7133041222890217,0.6059141664339187,0.0,1.9502631425857544,"['None', 'None', '0.005', '-0.008']","['None', 'None', '0.000', '0.001']",0.9274671226739883,0.015208568385894664,0.9052631855010986,0.9502631425857544
235,60160,105.12650415266316,230,1.4505000114440918,0.7756945616052877,0.0,1.9502631425857544,"['None', 'None', '0.171', '0.175']","['None', 'None', '0.390', '0.203']",0.5005555616484748,0.8021859156819685,-1.0,0.9502631425857544
236,60416,115.62675281531077,232,1.1213684320449828,0.9167351738542935,0.0,1.9431579113006592,"['None', 'None', '0.042', '0.173']","['None', 'None', '0.116', '0.087']",0.40171054005622864,0.8108919386121263,-1.0,0.9431579113006592
237,60672,95.80565869334451,235,0.0,0.0,0.0,0.0,"['None', 'None', '1.050', '0.236']","['None', 'None', '1.261', '0.038']",-1.0,0.0,-1.0,-1.0
238,60928,113.83669136901922,237,0.9171052575111389,0.9171052575111389,0.0,1.8342105150222778,"['None', 'None', '-0.194', '0.097']","['None', 'None', '0.011', '0.000']",0.8342105150222778,0.0,0.8342105150222778,0.8342105150222778
239,61184,103.24295678156825,240,-0.875,0.33071891388307384,-1.0,0.0,"['None', 'None', 'None', '0.743']","['None', 'None', 'None', '0.812']",-1.0,0.0,-1.0,-1.0
240,61440,109.1189618645252,242,-0.9583333333333334,0.19982631347136331,-1.0,0.0,"['None', 'None', 'None', '1.117']","['None', 'None', 'None', '1.393']",-1.0,0.0,-1.0,-1.0
241,61696,113.60187105161062,247,-0.875,0.33071891388307384,-1.0,0.0,"['None', 'None', 'None', '0.341']","['None', 'None', 'None', '0.293']",-1.0,0.0,-1.0,-1.0
242,61952,109.7113411584298,250,0.28793859481811523,1.3204807612034777,-1.0,1.9407894611358643,"['None', 'None', '-0.100', '-0.117']","['None', 'None', '0.007', '0.307']",-0.2544736862182617,0.9143764025674704,-1.0,0.9407894611358643
243,62208,110.29682774149411,252,0.363270674433027,1.326533126899698,-1.0,1.8626315593719482,"['None', 'None', '-0.137', '-0.176']","['None', 'None', '0.004', '0.436']",-0.0761842131614685,0.9238485075653772,-1.0,0.8626315593719482
244,62464,114.13358413327545,254,1.355526328086853,0.7838763466957042,0.0,1.843684196472168,"['None', 'None', '-0.013', '-0.708']","['None', 'None', '0.002', '0.354']",0.8073684175809225,0.05135826703614198,0.7347368597984314,0.843684196472168
245,62720,113.31200332292948,257,1.0631249994039536,1.2264562643963874,-1.0,1.9407894611358643,"['None', 'None', '-0.061', '-0.559']","['None', 'None', '0.002', '0.459']",0.35785714217594694,0.8593191436233075,-1.0,0.9407894611358643
246,62976,112.34943089282876,259,1.8057236969470978,0.30507520300125096,1.0,1.947894811630249,"['None', 'None', '-0.065', '-0.483']","['None', 'None', '0.002', '0.152']",0.9208270737103054,0.01940111547342835,0.8981578946113586,0.9478947520256042
247,63232,106.7918145974557,261,1.5705263316631317,0.6672213605910452,0.0,1.947894811630249,"['None', 'None', '0.130', '-0.271']","['None', 'None', '0.167', '0.026']",0.6520300762993949,0.6750105124944645,-1.0,0.9478947520256042
248,63488,112.67092127896925,263,1.5230451141084944,0.7002926630438885,0.0,1.9526315927505493,"['None', 'None', '0.081', '-0.039']","['None', 'None', '0.082', '0.011']",0.6102192997932434,0.7203814342396422,-1.0,0.9526315927505493
249,63744,96.79785515054154,266,1.745701750119527,0.33611172344064466,1.0,1.945526361465454,"['None', 'None', '-0.055', '0.005']","['None', 'None', '0.005', '0.008']",0.8948421001434326,0.045915611444762916,0.8247368335723877,0.9455263018608093
250,64000,109.2106579022179,268,1.5695614020029705,0.7022226875030182,0.0,1.9171051979064941,"['None', 'None', '-0.007', '0.029']","['None', 'None', '0.001', '0.005']",0.8834736943244934,0.02223794574286013,0.855526328086853,0.9171052575111389
251,64256,107.02561068854847,275,1.6334210463932581,0.6675684830721325,0.0,1.933684229850769,"['None', 'None', '-0.007', '-0.058']","['None', 'None', '0.002', '0.004']",0.9056579073270162,0.03364538105041002,0.8318421244621277,0.933684229850769
252,64512,115.06215214531065,278,1.2625789523124695,0.8710974258143911,0.0,1.9644737243652344,"['None', 'None', '0.263', '0.117']","['None', 'None', '0.362', '0.139']",0.2917543782128228,0.9135704391807223,-1.0,0.9644736647605896
253,64768,109.35570782580356,280,1.094135352543422,1.0880193870174377,-1.0,1.9384210109710693,"['None', 'None', '0.009', '0.069']","['None', 'None', '0.053', '0.124']",0.2764912247657776,0.902759562045873,-1.0,0.9384210705757141
254,65024,113.92447516358565,282,1.3659774235316686,1.0163029841819464,-1.0,1.9549999237060547,"['None', 'None', '-0.060', '0.226']","['None', 'None', '0.010', '0.506']",0.5936403572559357,0.71335191222957,-1.0,0.9549999833106995
255,65280,112.89314439266653,284,1.7827067545482091,0.320414396055106,1.0,1.9549999237060547,"['None', 'None', '-0.013', '-0.111']","['None', 'None', '0.006', '0.017']",0.9131579001744589,0.02556968603622043,0.8792105317115784,0.9549999833106995
256,65536,113.00945539815679,287,1.7135672569274902,0.6064051303040201,0.0,1.9621052742004395,"['None', 'None', '-0.078', '-0.099']","['None', 'None', '0.007', '0.007']",0.9277631640434265,0.027822655411579054,0.8721052408218384,0.9621052742004395
257,65792,114.27989960108428,289,1.4080382693897595,0.8623881183148635,0.0,1.9621052742004395,"['None', 'None', '0.044', '0.059']","['None', 'None', '0.144', '0.165']",0.5488421082496643,0.7745977719973769,-1.0,0.9621052742004395
258,66048,113.35941198560432,291,1.786428587777274,0.3219962740936675,1.0,1.9431579113006592,"['None', 'None', '-0.044', '-0.099']","['None', 'None', '0.001', '0.003']",0.9175000091393789,0.026529732753744126,0.8626315593719482,0.9431579113006592
259,66304,114.66329357347792,293,1.0907518693378992,0.9448703232042235,0.0,1.9573683738708496,"['None', 'None', '0.255', '0.106']","['None', 'None', '0.240', '0.034']",0.27254385749499005,0.9001323971876164,-1.0,0.9573684334754944
260,66560,109.64367489797827,296,1.2496491273244221,1.056049483305105,-1.0,1.933684229850769,"['None', 'None', '0.010', '0.182']","['None', 'None', '0.001', '0.428']",0.4995789408683777,0.7506657700100661,-1.0,0.933684229850769
261,66816,106.06251784802525,302,0.6216666566001045,1.288561404965082,-1.0,1.9171051979064941,"['None', 'None', '0.013', '0.243']","['None', 'None', '0.049', '0.556']",-0.05062500387430191,0.9494232788272601,-1.0,0.9171052575111389
262,67072,113.4906833348536,304,-0.31024434736796785,1.1748082400918574,-1.0,1.9147368669509888,"['None', 'None', '-0.006', '0.914']","['None', 'None', '0.001', '1.706']",-0.56487853710468,0.7946292798754829,-1.0,0.9147368669509888
263,67328,98.26080698657731,307,0.18564327557881674,1.3503378352458946,-1.0,1.921842098236084,"['None', 'None', '-0.001', '0.825']","['None', 'None', '0.001', '1.289']",-0.2911513224244118,0.9152287590655178,-1.0,0.921842098236084
264,67584,113.7000435001942,309,1.7492543856302898,0.3369009825948974,1.0,1.9573683738708496,"['None', 'None', '-0.020', '-0.480']","['None', 'None', '0.003', '0.098']",0.8991052627563476,0.03835381223561051,0.8531578779220581,0.9573684334754944
265,67840,114.2409791763309,311,1.3113486766815186,1.0753488206252912,-1.0,1.9384210109710693,"['None', 'None', '-0.029', '0.075']","['None', 'None', '0.001', '0.390']",0.6415413532938276,0.6703386803139284,-1.0,0.9384210705757141
266,68096,109.56712457144769,314,1.8092763274908066,0.3063717936102423,1.0,1.945526361465454,"['None', 'None', '-0.019', '-0.133']","['None', 'None', '0.001', '0.023']",0.9248872143881661,0.018593638857733404,0.8910526037216187,0.9455263018608093
267,68352,109.56806374027146,316,1.6019298103120592,0.9201729415517953,-1.0,1.9573683738708496,"['None', 'None', '-0.001', '-0.013']","['None', 'None', '0.001', '0.105']",0.7130409346686469,0.6060338737555746,-1.0,0.9573684334754944
268,68608,113.81726389164196,318,1.8157894611358643,0.30894795223715216,1.0,1.9573683738708496,"['None', 'None', '0.023', '-0.109']","['None', 'None', '0.001', '0.018']",0.9323308297566005,0.020719376548466135,0.8957894444465637,0.9573684334754944
269,68864,111.8725787932777,321,0.48798871891839163,0.8019374711374564,0.0,1.9621052742004395,"['None', 'None', '0.661', '0.589']","['None', 'None', '0.993', '0.589']",-0.5513967596567594,0.8190581232572148,-1.0,0.9621052742004395
270,69120,108.76916874296224,323,0.8409539610147476,0.8860131470063972,0.0,1.9502631425857544,"['None', 'None', '0.338', '0.339']","['None', 'None', '0.498', '0.169']",-0.1817669187273298,0.9450052768103918,-1.0,0.9502631425857544
271,69376,105.97433560864472,331,1.1003508567810059,0.8370092007871185,0.0,1.919473648071289,"['None', 'None', '0.049', '0.100']","['None', 'None', '0.184', '0.058']",0.1204210638999939,0.9155787598011349,-1.0,0.9194737076759338
272,69632,111.02160861428779,333,1.4739474058151245,0.4739474058151245,1.0,1.947894811630249,"['None', 'None', '-0.282', '0.033']","['None', 'None', '0.029', '0.013']",0.9478947520256042,0.0,0.9478947520256042,0.9478947520256042
273,69888,104.2446941352435,336,0.9489097595214844,1.1527078802190027,-1.0,1.9407894611358643,"['None', 'None', '0.181', '-0.057']","['None', 'None', '0.142', '0.195']",0.27372806270917255,0.9009122672288846,-1.0,0.9407894611358643
274,70144,112.82054928869188,338,1.1777631640434265,0.764443670313155,0.0,1.8602631092071533,"['None', 'None', '0.142', '-0.140']","['None', 'None', '0.176', '0.027']",0.237017552057902,0.8747120500425829,-1.0,0.8602631688117981
275,70400,110.0803763562672,340,1.4190789461135864,0.7118539537841504,0.0,1.933684229850769,"['None', 'None', '-0.059', '-0.011']","['None', 'None', '0.072', '0.087']",0.5028947353363037,0.7522850132489458,-1.0,0.933684229850769
276,70656,93.40393352947076,343,0.9142631530761719,1.1974570007735528,-1.0,1.895789384841919,"['None', 'None', '0.018', '0.169']","['None', 'None', '0.115', '0.222']",0.11426315307617188,0.9100538495343082,-1.0,0.8957894444465637
277,70912,100.32223176270423,346,1.4844210386276244,0.7443402510423826,0.0,1.9171051979064941,"['None', 'None', '-0.075', '-0.105']","['None', 'None', '0.005', '0.027']",0.8555263131856918,0.0629082366996943,0.770263135433197,0.9171052575111389
278,71168,109.72196920833221,348,1.5742982625961304,0.706000074935405,0.0,1.945526361465454,"['None', 'None', '-0.021', '-0.132']","['None', 'None', '0.004', '0.014']",0.8891578912734985,0.0574780309028642,0.7892104983329773,0.9455263018608093
279,71424,108.95275529029902,350,1.7816917215074812,0.32004809613134,1.0,1.9431579113006592,"['None', 'None', '-0.052', '-0.079']","['None', 'None', '0.003', '0.011']",0.9119736949602762,0.026246301654401626,0.8768420815467834,0.9431579113006592
280,71680,113.40021301976374,353,1.7431578993797303,0.5813460362800714,0.0,1.9573683738708496,"['None', 'None', '-0.050', '-0.092']","['None', 'None', '0.001', '0.002']",0.9368421104219224,0.01946656620606651,0.9076315760612488,0.9573684334754944
281,71936,105.96673226209485,358,1.8455263018608092,0.2822361189960413,1.0,1.9573683738708496,"['None', 'None', '-0.018', '-0.068']","['None', 'None', '0.001', '0.003']",0.9394736952251859,0.01571472826659979,0.9052631855010986,0.9573684334754944
282,72192,108.75514434740896,360,1.8476578712463378,0.2828960869662583,1.0,1.9597368240356445,"['None', 'None', '-0.035', '-0.008']","['None', 'None', '0.005', '0.003']",0.9418421056535509,0.014689769230213506,0.9171052575111389,0.9597368240356445
283,72448,111.90092157037869,363,1.8307309945424397,0.29407663508396287,1.0,1.9597368240356445,"['None', 'None', '0.006', '-0.004']","['None', 'None', '0.000', '0.001']",0.9345723688602448,0.01561798748873907,0.9100000262260437,0.9597368240356445
284,72704,113.17230515849356,365,1.714356713824802,0.6063740985036673,0.0,1.9502631425857544,"['None', 'None', '0.010', '-0.000']","['None', 'None', '0.000', '0.001']",0.9286513105034828,0.01874038717524088,0.8910526037216187,0.9502631425857544
285,72960,111.0942856492508,367,1.5000526189804078,0.751386806062413,0.0,1.919473648071289,"['None', 'None', '0.162', '0.067']","['None', 'None', '0.099', '0.011']",0.5000526309013367,0.751386814445102,-1.0,0.9194737076759338
286,73216,115.12471186437406,369,0.9609210640192032,1.0832353116740483,-1.0,1.9313157796859741,"['None', 'None', '0.213', '0.221']","['None', 'None', '0.317', '0.160']",0.09819549322128296,0.9510828893466989,-1.0,0.9313157796859741
287,73472,110.30870275772315,372,1.1024210691452025,1.1024817025678426,-1.0,1.9431579113006592,"['None', 'None', '-0.058', '0.047']","['None', 'None', '0.004', '0.085']",0.3780263215303421,0.7997131071673249,-1.0,0.9431579113006592
288,73728,114.54856522762347,374,0.5611578941345214,1.3166477364091087,-1.0,1.9147368669509888,"['None', 'None', '-0.059', '0.388']","['None', 'None', '0.001', '0.485']",-0.048552632331848145,0.9514842150468105,-1.0,0.9147368669509888
289,73984,112.58757246028813,376,1.2048496348517281,1.1110512123312604,-1.0,1.9147368669509888,"['None', 'None', '-0.027', '-0.098']","['None', 'None', '0.001', '0.268']",0.5723245640595754,0.7034977659095748,-1.0,0.9147368669509888
290,74240,114.188932198004,379,1.6962631464004516,0.35033969738485116,1.0,1.9147368669509888,"['None', 'None', '-0.051', '-0.121']","['None', 'None', '0.016', '0.021']",0.870328962802887,0.043907721034138696,0.8010526299476624,0.9147368669509888
291,74496,107.28292754183292,388,1.3615789583751134,1.014141301437285,-1.0,1.9549999237060547,"['None', 'None', '-0.034', '-0.029']","['None', 'None', '0.001', '0.050']",0.5885087748368582,0.7113950951348164,-1.0,0.9549999833106995
292,74752,112.36348049721389,391,1.777293222291129,0.31813989282350164,1.0,1.9360525608062744,"['None', 'None', '-0.009', '-0.143']","['None', 'None', '0.002', '0.010']",0.9068421125411987,0.024524571710319885,0.8721052408218384,0.9360526204109192
293,75008,112.80085085318538,393,1.608508759074741,0.6380936488485563,0.0,1.9597368240356445,"['None', 'None', '0.031', '0.010']","['None', 'None', '0.077', '0.055']",0.6845723688602448,0.6371718094649119,-1.0,0.9597368240356445
294,75264,113.07142166636584,395,1.439309224486351,0.8311630965550197,0.0,1.9431579113006592,"['None', 'None', '0.060', '0.025']","['None', 'None', '0.133', '0.012']",0.6449248194694519,0.6717887889219093,-1.0,0.9431579113006592
295,75520,108.77769752002183,398,1.433980256319046,0.9674138079309,-1.0,1.9431579113006592,"['None', 'None', '-0.110', '-0.007']","['None', 'None', '0.004', '0.031']",0.6388345956802368,0.6694410711668857,-1.0,0.9431579113006592
296,75776,112.50292054042886,400,1.3531202929360526,0.8576531566656851,0.0,1.945526361465454,"['None', 'None', '0.081', '0.030']","['None', 'None', '0.079', '0.070']",0.578640341758728,0.7086245208446945,-1.0,0.9455263018608093
297,76032,112.64144269425906,402,1.357180459158761,0.8588494525030135,0.0,1.9431579113006592,"['None', 'None', '0.053', '0.034']","['None', 'None', '0.113', '0.041']",0.5833771924177805,0.7088051021172673,-1.0,0.9431579113006592
298,76288,115.49355237208621,404,1.12468421459198,1.1160860407905817,-1.0,1.9313157796859741,"['None', 'None', '-0.057', '0.332']","['None', 'None', '0.007', '0.321']",0.405855268239975,0.8134950866550313,-1.0,0.9313157796859741
299,76544,107.30299759139787,407,1.6351127965109689,0.6679124418958042,0.0,1.945526361465454,"['None', 'None', '-0.089', '-0.068']","['None', 'None', '0.001', '0.004']",0.9076315760612488,0.02434602029147004,0.8626315593719482,0.9455263018608093
300,76800,112.38420272705027,409,1.7429385979970295,0.3348683769858229,1.0,1.9360525608062744,"['None', 'None', '-0.011', '-0.097']","['None', 'None', '0.001', '0.008']",0.8915263295173645,0.045763868169556576,0.8034210801124573,0.9360526204109192
301,77056,109.27706769052214,415,1.7796616383961268,0.3203643704419446,1.0,1.9549999237060547,"['None', 'None', '-0.018', '-0.101']","['None', 'None', '0.002', '0.022']",0.9096052646636963,0.03926194102343664,0.843684196472168,0.9549999833106995
302,77312,108.89758336293916,418,1.4997660848829482,0.9301995406652331,-1.0,1.9502631425857544,"['None', 'None', '-0.024', '0.197']","['None', 'None', '0.002', '0.484']",0.6872368305921555,0.6380615185589688,-1.0,0.9502631425857544
303,77568,110.68037110547726,420,1.848605251312256,0.2833725447874811,1.0,1.9644737243652344,"['None', 'None', '-0.025', '-0.144']","['None', 'None', '0.001', '0.003']",0.9428947369257609,0.017809383738137882,0.9005263447761536,0.9644736647605896
304,77824,111.27816540470998,422,1.7867543697357178,0.5387756164782864,0.0,1.9573683738708496,"['None', 'None', '-0.024', '-0.037']","['None', 'None', '0.000', '0.001']",0.9491866068406538,0.007581880803614833,0.933684229850769,0.9573684334754944
305,78080,111.94767012578478,425,1.7871491114298503,0.5389525027400965,0.0,1.9692105054855347,"['None', 'None', '-0.005', '-0.020']","['None', 'None', '0.000', '0.001']",0.9496172178875316,0.011204449302678504,0.926578938961029,0.9692105054855347
306,78336,105.39806356638745,427,1.7429210782051086,0.5813228919337792,0.0,1.9644737243652344,"['None', 'None', '0.007', '0.002']","['None', 'None', '0.000', '0.002']",0.9365789492925009,0.02123603738198123,0.8839473724365234,0.9644736647605896
307,78592,112.96069895089614,429,1.7749248061861311,0.31751404679365475,1.0,1.9526315927505493,"['None', 'None', '0.035', '0.032']","['None', 'None', '0.000', '0.001']",0.9040789604187012,0.02919186018932009,0.8626315593719482,0.9526315927505493
308,78848,102.47632638063743,432,1.0897368362971716,1.0846898124297348,-1.0,1.933684229850769,"['None', 'None', '0.109', '0.103']","['None', 'None', '0.127', '0.276']",0.2713596522808075,0.89911220699415,-1.0,0.933684229850769
309,79104,111.65616274439887,434,0.34126317501068115,1.2875255454347831,-1.0,1.8886842727661133,"['None', 'None', '0.013', '0.415']","['None', 'None', '0.001', '0.574']",-0.07342104613780975,0.9269194231050267,-1.0,0.8886842131614685
310,79360,108.812708164476,436,0.5037593841552734,1.2202161271862286,-1.0,1.8981578350067139,"['None', 'None', '0.159', '0.066']","['None', 'None', '0.193', '0.167']",-0.07894736528396606,0.9227566595299315,-1.0,0.8981578946113586
311,79616,113.04785053207382,450,1.3614473640918732,0.7869467097483543,0.0,1.8721052408218384,"['None', 'None', '-0.016', '-0.121']","['None', 'None', '0.001', '0.010']",0.8152631521224976,0.04379978061118352,0.765526294708252,0.8721052408218384
312,79872,114.90610523927673,452,0.8905789852142334,1.1795578771694146,-1.0,1.869736909866333,"['None', 'None', '-0.023', '0.224']","['None', 'None', '0.001', '0.459']",0.36322368681430817,0.7888159863501195,-1.0,0.8697368502616882
313,80128,114.45998821439566,454,1.5782456398010254,0.4100504238953195,1.0,1.9052631855010986,"['None', 'None', '-0.003', '-0.076']","['None', 'None', '0.002', '0.006']",0.8673684298992157,0.037894755601882935,0.8294736742973328,0.9052631855010986
