update,frames,FPS,duration,rreturn_mean,rreturn_std,rreturn_min,rreturn_max,policy_loss,value_loss,return_mean,return_std,return_min,return_max
1,256,77.899983567422,3,0.7857142857142857,2.425418120907092,-1.0,5.0,"['0.336', '0.342', '0.357']","['3.634', '4.331', '6.543']",-1.0,0.0,-1.0,-1.0
update,frames,FPS,duration,rreturn_mean,rreturn_std,rreturn_min,rreturn_max,policy_loss,value_loss,return_mean,return_std,return_min,return_max
2,512,187.17641749191975,4,0.6666666666666666,1.699673171197595,-1.0,3.0,"['-0.600', '-0.408', 'None']","['0.118', '0.231', 'None']",-1.0,0.0,-1.0,-1.0
update,frames,FPS,duration,rreturn_mean,rreturn_std,rreturn_min,rreturn_max,policy_loss,value_loss,return_mean,return_std,return_min,return_max
3,768,208.76608901289976,5,3.0,0.0,3.0,3.0,"['-0.452', '-0.192', 'None']","['0.093', '0.020', 'None']",0.0,0.0,0,0
update,frames,FPS,duration,rreturn_mean,rreturn_std,rreturn_min,rreturn_max,policy_loss,value_loss,return_mean,return_std,return_min,return_max
4,1024,157.03255625939826,7,3.0,0.0,3.0,3.0,"['-0.301', '-0.131', 'None']","['0.022', '0.016', 'None']",0.0,0.0,0,0
update,frames,FPS,duration,rreturn_mean,rreturn_std,rreturn_min,rreturn_max,policy_loss,value_loss,return_mean,return_std,return_min,return_max
5,1280,209.94310307947572,8,0.0,1.6035674514745464,-1.0,3.0,"['0.050', '-0.049', 'None']","['0.020', '0.012', 'None']",-1.0,0.0,-1.0,-1.0
update,frames,FPS,duration,rreturn_mean,rreturn_std,rreturn_min,rreturn_max,policy_loss,value_loss,return_mean,return_std,return_min,return_max
6,1536,188.44168012459096,10,6.0,0.0,6.0,6.0,"['-0.212', '0.011', '-0.210']","['0.032', '0.078', '0.506']",0.0,0.0,0,0
update,frames,FPS,duration,rreturn_mean,rreturn_std,rreturn_min,rreturn_max,policy_loss,value_loss,return_mean,return_std,return_min,return_max
7,1792,178.33935176826785,11,3.0,0.0,3.0,3.0,"['-0.206', '-0.098', 'None']","['0.004', '0.009', 'None']",0.0,0.0,0,0
update,frames,FPS,duration,rreturn_mean,rreturn_std,rreturn_min,rreturn_max,policy_loss,value_loss,return_mean,return_std,return_min,return_max
8,2048,231.49194574369577,12,-0.75,0.4330127018922193,-1.0,0.0,"['0.016', 'None', 'None']","['0.029', 'None', 'None']",-1.0,0.0,-1.0,-1.0
update,frames,FPS,duration,rreturn_mean,rreturn_std,rreturn_min,rreturn_max,policy_loss,value_loss,return_mean,return_std,return_min,return_max
9,2304,225.70797674354566,13,1.0,2.0,-1.0,3.0,"['-0.002', '-0.072', 'None']","['0.022', '0.004', 'None']",-1.0,0.0,-1.0,-1.0
update,frames,FPS,duration,rreturn_mean,rreturn_std,rreturn_min,rreturn_max,policy_loss,value_loss,return_mean,return_std,return_min,return_max
10,2560,224.7107354893311,14,3.0,0.0,3.0,3.0,"['-0.089', '-0.056', 'None']","['0.001', '0.001', 'None']",0.0,0.0,0,0
11,2816,163.97002811219772,16,3.0,0.0,3.0,3.0,"['-0.073', '-0.051', 'None']","['0.003', '0.002', 'None']",0.0,0.0,0,0
12,3072,230.20210859233367,17,3.0,0.0,3.0,3.0,"['-0.017', '-0.041', 'None']","['0.002', '0.006', 'None']",0.0,0.0,0,0
13,3328,204.07228252523578,18,3.0,0.0,3.0,3.0,"['-0.037', '-0.027', 'None']","['0.000', '0.000', 'None']",0.0,0.0,0,0
14,3584,192.81282136463136,20,3.0,0.0,3.0,3.0,"['-0.018', '-0.021', 'None']","['0.001', '0.000', 'None']",0.0,0.0,0,0
15,3840,88.17500163212247,23,2.5,0.5,2.0,3.0,"['0.012', '0.046', 'None']","['0.000', '0.028', 'None']",-1.0,0.0,-1.0,-1.0
16,4096,221.61085518603275,24,3.0,0.0,3.0,3.0,"['0.012', '-0.022', 'None']","['0.000', '0.000', 'None']",0.0,0.0,0,0
17,4352,210.4707983877275,25,1.0,2.0,-1.0,3.0,"['0.071', '-0.023', 'None']","['0.033', '0.000', 'None']",-1.0,0.0,-1.0,-1.0
18,4608,234.98041337171833,26,3.0,0.0,3.0,3.0,"['-0.116', '-0.016', 'None']","['0.013', '0.000', 'None']",0.0,0.0,0,0
19,4864,146.02756096552594,28,3.0,0.0,3.0,3.0,"['-0.042', '-0.015', 'None']","['0.001', '0.000', 'None']",0.0,0.0,0,0
20,5120,215.89250873931488,29,2.5,3.5,-1.0,6.0,"['0.130', '0.130', '-0.050']","['0.085', '0.096', '0.002']",-1.0,0.0,-1.0,-1.0
21,5376,229.71272458801684,30,3.0,0.0,3.0,3.0,"['0.048', '-0.047', 'None']","['0.002', '0.000', 'None']",0.0,0.0,0,0
22,5632,232.65583812967333,31,3.0,0.0,3.0,3.0,"['-0.083', '-0.033', 'None']","['0.005', '0.002', 'None']",0.0,0.0,0,0
23,5888,149.13418512113537,33,3.0,0.0,3.0,3.0,"['-0.080', '-0.024', 'None']","['0.000', '0.000', 'None']",0.0,0.0,0,0
24,6144,207.92300119361784,34,3.0,0.0,3.0,3.0,"['-0.017', '-0.017', 'None']","['0.002', '0.001', 'None']",0.0,0.0,0,0
25,6400,204.91502550507764,35,3.0,0.0,3.0,3.0,"['0.017', '-0.012', 'None']","['0.000', '0.000', 'None']",0.0,0.0,0,0
26,6656,209.37382252530443,37,3.0,0.0,3.0,3.0,"['-0.002', '-0.009', 'None']","['0.000', '0.000', 'None']",0.0,0.0,0,0
27,6912,216.23676570570552,38,3.0,0.0,3.0,3.0,"['-0.018', '-0.006', 'None']","['0.000', '0.000', 'None']",0.0,0.0,0,0
28,7168,148.88029711118028,40,3.0,0.0,3.0,3.0,"['-0.004', '-0.004', 'None']","['0.000', '0.000', 'None']",0.0,0.0,0,0
29,7424,223.9480615909308,41,4.0,1.0,3.0,5.0,"['0.008', '0.100', '-0.520']","['0.000', '0.059', '0.082']",-1.0,0.0,-1.0,-1.0
30,7680,222.32741753272353,42,3.0,0.0,3.0,3.0,"['0.088', '-0.029', 'None']","['0.002', '0.001', 'None']",0.0,0.0,0,0
31,7936,229.2696633196066,43,3.0,0.0,3.0,3.0,"['0.006', '-0.025', 'None']","['0.004', '0.002', 'None']",0.0,0.0,0,0
32,8192,228.15677331700294,44,2.5,0.5,2.0,3.0,"['-0.035', '0.054', 'None']","['0.001', '0.034', 'None']",-1.0,0.0,-1.0,-1.0
33,8448,227.83884567845567,45,3.0,0.0,3.0,3.0,"['0.006', '-0.031', 'None']","['0.001', '0.000', 'None']",0.0,0.0,0,0
34,8704,123.46724939435906,47,3.0,0.0,3.0,3.0,"['-0.010', '-0.026', 'None']","['0.000', '0.001', 'None']",0.0,0.0,0,0
35,8960,214.1302991046643,49,3.0,0.0,3.0,3.0,"['-0.025', '-0.016', 'None']","['0.000', '0.000', 'None']",0.0,0.0,0,0
36,9216,212.24715937506053,50,3.0,0.0,3.0,3.0,"['-0.014', '-0.012', 'None']","['0.000', '0.000', 'None']",0.0,0.0,0,0
37,9472,204.94299039055798,51,3.0,0.0,3.0,3.0,"['-0.003', '-0.008', 'None']","['0.000', '0.000', 'None']",0.0,0.0,0,0
38,9728,221.59123509445791,52,3.0,0.0,3.0,3.0,"['-0.003', '-0.005', 'None']","['0.000', '0.000', 'None']",0.0,0.0,0,0
39,9984,143.60011046760832,54,3.0,0.0,3.0,3.0,"['-0.006', '-0.004', 'None']","['0.000', '0.000', 'None']",0.0,0.0,0,0
40,10240,232.13519829847658,55,3.0,0.0,3.0,3.0,"['-0.003', '-0.002', 'None']","['0.000', '0.000', 'None']",0.0,0.0,0,0
41,10496,232.49327447861566,56,3.0,0.0,3.0,3.0,"['-0.001', '-0.002', 'None']","['0.000', '0.000', 'None']",0.0,0.0,0,0
42,10752,241.5472603889171,57,3.0,0.0,3.0,3.0,"['-0.000', '-0.001', 'None']","['0.000', '0.000', 'None']",0.0,0.0,0,0
43,11008,233.56745522975382,58,3.0,0.0,3.0,3.0,"['-0.001', '-0.001', 'None']","['0.000', '0.000', 'None']",0.0,0.0,0,0
44,11264,234.16316024427738,59,3.0,0.0,3.0,3.0,"['-0.001', '-0.001', 'None']","['0.000', '0.000', 'None']",0.0,0.0,0,0
45,11520,150.99112439640004,61,3.0,0.0,3.0,3.0,"['-0.000', '-0.000', 'None']","['0.000', '0.000', 'None']",0.0,0.0,0,0
46,11776,219.82005306429951,62,3.0,0.0,3.0,3.0,"['-0.000', '-0.000', 'None']","['0.000', '0.000', 'None']",0.0,0.0,0,0
47,12032,215.99178631546084,64,3.0,0.0,3.0,3.0,"['-0.000', '-0.000', 'None']","['0.000', '0.000', 'None']",0.0,0.0,0,0
48,12288,221.15222556524776,65,3.0,0.0,3.0,3.0,"['nan', '-0.000', 'None']","['nan', '0.000', 'None']",0.0,0.0,0,0
49,12544,215.87597134874304,66,3.0,0.0,3.0,3.0,"['-0.000', '-0.000', 'None']","['0.000', '0.000', 'None']",0.0,0.0,0,0
50,12800,194.74282397835188,67,3.0,0.0,3.0,3.0,"['0.000', '-0.000', 'None']","['0.000', '0.000', 'None']",0.0,0.0,0,0
51,13056,264.7474577269985,68,1.0,2.0,-1.0,3.0,"['0.449', '-0.000', 'None']","['0.225', '0.000', 'None']",-1.0,0.0,-1.0,-1.0
52,13312,263.16021217675774,69,3.0,0.0,3.0,3.0,"['-0.129', '-0.000', 'None']","['0.023', '0.000', 'None']",0.0,0.0,0,0
53,13568,248.47835763059416,70,1.0,2.0,-1.0,3.0,"['0.185', '-0.000', 'None']","['0.113', '0.000', 'None']",-1.0,0.0,-1.0,-1.0
54,13824,261.6207584830339,71,3.0,0.0,3.0,3.0,"['-0.232', '-0.000', 'None']","['0.050', '0.000', 'None']",0.0,0.0,0,0
55,14080,261.46849715895115,72,3.0,0.0,3.0,3.0,"['-0.204', '-0.000', 'None']","['0.008', '0.000', 'None']",0.0,0.0,0,0
56,14336,141.22267266222582,74,3.0,0.0,3.0,3.0,"['-0.048', '-0.000', 'None']","['0.007', '0.000', 'None']",0.0,0.0,0,0
57,14592,204.94608068533347,75,3.0,0.0,3.0,3.0,"['0.015', '-0.000', 'None']","['0.001', '0.000', 'None']",0.0,0.0,0,0
58,14848,210.04092753214945,76,3.0,0.0,3.0,3.0,"['0.021', '-0.000', 'None']","['0.000', '0.000', 'None']",0.0,0.0,0,0
59,15104,227.17578917079942,78,3.0,0.0,3.0,3.0,"['0.014', '-0.000', 'None']","['0.000', '0.000', 'None']",0.0,0.0,0,0
60,15360,256.5031843664568,79,3.0,0.0,3.0,3.0,"['-0.003', '-0.000', 'None']","['0.000', '0.000', 'None']",0.0,0.0,0,0
61,15616,223.22098515680887,80,3.0,0.0,3.0,3.0,"['-0.003', '-0.000', 'None']","['0.000', '0.000', 'None']",0.0,0.0,0,0
62,15872,273.25763345762675,81,3.0,0.0,3.0,3.0,"['-0.001', '-0.000', 'None']","['0.000', '0.000', 'None']",0.0,0.0,0,0
63,16128,258.3880993536579,82,1.0,2.0,-1.0,3.0,"['0.180', '-0.000', 'None']","['0.076', '0.000', 'None']",-1.0,0.0,-1.0,-1.0
64,16384,268.4810977866237,83,3.0,0.0,3.0,3.0,"['-0.084', '-0.000', 'None']","['0.014', '0.000', 'None']",0.0,0.0,0,0
65,16640,269.3731439139645,84,3.0,0.0,3.0,3.0,"['-0.099', '-0.000', 'None']","['0.000', '0.000', 'None']",0.0,0.0,0,0
66,16896,253.5646499730316,85,3.0,0.0,3.0,3.0,"['0.006', '-0.000', 'None']","['0.004', '0.000', 'None']",0.0,0.0,0,0
67,17152,265.75169605941994,86,3.0,0.0,3.0,3.0,"['0.050', '-0.000', 'None']","['0.000', '0.000', 'None']",0.0,0.0,0,0
68,17408,142.57429242777687,87,3.0,0.0,3.0,3.0,"['-0.006', '-0.000', 'None']","['0.001', '0.000', 'None']",0.0,0.0,0,0
69,17664,267.52706784114537,88,3.0,0.0,3.0,3.0,"['-0.024', '-0.000', 'None']","['0.000', '0.000', 'None']",0.0,0.0,0,0
70,17920,264.96102211698,89,3.0,0.0,3.0,3.0,"['-0.000', '-0.000', 'None']","['0.000', '0.000', 'None']",0.0,0.0,0,0
71,18176,267.0603621950576,90,3.0,0.0,3.0,3.0,"['0.012', '-0.000', 'None']","['0.000', '0.000', 'None']",0.0,0.0,0,0
72,18432,264.7935516884648,91,3.0,0.0,3.0,3.0,"['-0.001', '-0.000', 'None']","['0.000', '0.000', 'None']",0.0,0.0,0,0
73,18688,226.29416463255026,92,3.0,0.0,3.0,3.0,"['-0.008', '-0.000', 'None']","['0.000', '0.000', 'None']",0.0,0.0,0,0
74,18944,262.3535113123786,93,3.0,0.0,3.0,3.0,"['0.001', '-0.000', 'None']","['0.000', '0.000', 'None']",0.0,0.0,0,0
75,19200,264.5883415143809,94,3.0,0.0,3.0,3.0,"['0.003', '-0.000', 'None']","['0.000', '0.000', 'None']",0.0,0.0,0,0
76,19456,258.55783564433824,95,3.0,0.0,3.0,3.0,"['0.000', '-0.000', 'None']","['0.000', '0.000', 'None']",0.0,0.0,0,0
77,19712,263.58943022271296,96,3.0,0.0,3.0,3.0,"['-0.001', '-0.000', 'None']","['0.000', '0.000', 'None']",0.0,0.0,0,0
78,19968,263.056154923922,97,3.0,0.0,3.0,3.0,"['0.000', '-0.000', 'None']","['0.000', '0.000', 'None']",0.0,0.0,0,0
79,20224,232.11653062750952,98,3.0,0.0,3.0,3.0,"['nan', '-0.000', 'None']","['nan', '0.000', 'None']",0.0,0.0,0,0
80,20480,267.7271837354279,99,3.0,0.0,3.0,3.0,"['nan', '-0.000', 'None']","['nan', '0.000', 'None']",0.0,0.0,0,0
81,20736,265.2745767803735,100,3.0,0.0,3.0,3.0,"['-0.000', '-0.000', 'None']","['0.000', '0.000', 'None']",0.0,0.0,0,0
82,20992,262.77244699481474,101,3.0,0.0,3.0,3.0,"['-0.001', '-0.000', 'None']","['0.000', '0.000', 'None']",0.0,0.0,0,0
83,21248,261.2464119250437,102,3.0,0.0,3.0,3.0,"['0.000', '-0.000', 'None']","['0.000', '0.000', 'None']",0.0,0.0,0,0
84,21504,253.86740206613584,103,3.0,0.0,3.0,3.0,"['0.000', '-0.000', 'None']","['0.000', '0.000', 'None']",0.0,0.0,0,0
85,21760,203.15834381218963,105,3.0,0.0,3.0,3.0,"['nan', '-0.000', 'None']","['nan', '0.000', 'None']",0.0,0.0,0,0
86,22016,258.7416359246731,106,3.0,0.0,3.0,3.0,"['-0.000', '-0.000', 'None']","['0.000', '0.000', 'None']",0.0,0.0,0,0
87,22272,254.01959023459642,107,3.0,0.0,3.0,3.0,"['-0.000', '-0.000', 'None']","['0.000', '0.000', 'None']",0.0,0.0,0,0
88,22528,259.4410248306583,108,3.0,0.0,3.0,3.0,"['0.000', '-0.000', 'None']","['0.000', '0.000', 'None']",0.0,0.0,0,0
89,22784,256.41797869690674,109,3.0,0.0,3.0,3.0,"['0.000', '-0.000', 'None']","['0.000', '0.000', 'None']",0.0,0.0,0,0
90,23040,260.2967572898192,110,3.0,0.0,3.0,3.0,"['-0.000', '-0.000', 'None']","['0.000', '0.000', 'None']",0.0,0.0,0,0
91,23296,130.871826174077,112,3.0,0.0,3.0,3.0,"['-0.000', '-0.000', 'None']","['0.000', '0.000', 'None']",0.0,0.0,0,0
92,23552,251.44618050636203,113,3.0,0.0,3.0,3.0,"['0.000', '-0.000', 'None']","['0.000', '0.000', 'None']",0.0,0.0,0,0
93,23808,254.86594696801566,114,3.0,0.0,3.0,3.0,"['0.000', '-0.000', 'None']","['0.000', '0.000', 'None']",0.0,0.0,0,0
94,24064,257.5344106968197,115,3.0,0.0,3.0,3.0,"['0.000', '-0.000', 'None']","['0.000', '0.000', 'None']",0.0,0.0,0,0
95,24320,256.32126447853176,116,3.0,0.0,3.0,3.0,"['-0.000', '-0.000', 'None']","['0.000', '0.000', 'None']",0.0,0.0,0,0
96,24576,250.2643846887142,117,3.0,0.0,3.0,3.0,"['0.000', '-0.000', 'None']","['0.000', '0.000', 'None']",0.0,0.0,0,0
97,24832,162.94024345847797,118,3.0,0.0,3.0,3.0,"['0.000', '-0.000', 'None']","['0.000', '0.000', 'None']",0.0,0.0,0,0
98,25088,259.5420529008139,119,3.0,0.0,3.0,3.0,"['0.000', '-0.000', 'None']","['0.000', '0.000', 'None']",0.0,0.0,0,0
99,25344,263.1170061749345,120,3.0,0.0,3.0,3.0,"['-0.000', '-0.000', 'None']","['0.000', '0.000', 'None']",0.0,0.0,0,0
100,25600,214.1507557011404,121,3.0,0.0,3.0,3.0,"['nan', '-0.000', 'None']","['nan', '0.000', 'None']",0.0,0.0,0,0
101,25856,203.66109549355022,123,3.0,0.0,3.0,3.0,"['0.000', '-0.000', 'None']","['0.000', '0.000', 'None']",0.0,0.0,0,0
102,26112,252.63526742249596,124,3.0,0.0,3.0,3.0,"['0.000', '-0.000', 'None']","['0.000', '0.000', 'None']",0.0,0.0,0,0
103,26368,264.2699016748502,125,3.0,0.0,3.0,3.0,"['nan', '-0.000', 'None']","['nan', '0.000', 'None']",0.0,0.0,0,0
104,26624,262.3583831807876,126,3.0,0.0,3.0,3.0,"['0.000', '-0.000', 'None']","['0.000', '0.000', 'None']",0.0,0.0,0,0
105,26880,161.94797927351732,127,3.0,0.0,3.0,3.0,"['-0.000', '-0.000', 'None']","['0.000', '0.000', 'None']",0.0,0.0,0,0
106,27136,266.69533560898526,128,3.0,0.0,3.0,3.0,"['0.000', '-0.000', 'None']","['0.000', '0.000', 'None']",0.0,0.0,0,0
107,27392,238.28263520520423,129,3.0,0.0,3.0,3.0,"['0.000', '-0.000', 'None']","['0.000', '0.000', 'None']",0.0,0.0,0,0
108,27648,264.4190626479096,130,3.0,0.0,3.0,3.0,"['0.000', '-0.000', 'None']","['0.000', '0.000', 'None']",0.0,0.0,0,0
109,27904,265.48899278581484,131,3.0,0.0,3.0,3.0,"['nan', '-0.000', 'None']","['nan', '0.000', 'None']",0.0,0.0,0,0
110,28160,253.11163469047776,132,3.0,0.0,3.0,3.0,"['0.000', '-0.000', 'None']","['0.000', '0.000', 'None']",0.0,0.0,0,0
111,28416,264.54877158506514,133,3.0,0.0,3.0,3.0,"['0.000', '-0.000', 'None']","['0.000', '0.000', 'None']",0.0,0.0,0,0
112,28672,259.3336864404221,134,3.0,0.0,3.0,3.0,"['0.000', '-0.000', 'None']","['0.000', '0.000', 'None']",0.0,0.0,0,0
113,28928,156.5489459200373,136,3.0,0.0,3.0,3.0,"['nan', '-0.000', 'None']","['nan', '0.000', 'None']",0.0,0.0,0,0
114,29184,253.0302769085462,137,3.0,0.0,3.0,3.0,"['-0.000', '-0.000', 'None']","['0.000', '0.000', 'None']",0.0,0.0,0,0
115,29440,266.3015814280173,138,3.0,0.0,3.0,3.0,"['0.000', '-0.000', 'None']","['0.000', '0.000', 'None']",0.0,0.0,0,0
116,29696,259.6026070948996,139,3.0,0.0,3.0,3.0,"['0.000', '-0.000', 'None']","['0.000', '0.000', 'None']",0.0,0.0,0,0
117,29952,260.3365802411335,140,3.0,0.0,3.0,3.0,"['0.000', '-0.000', 'None']","['0.000', '0.000', 'None']",0.0,0.0,0,0
118,30208,259.5734246039526,141,3.0,0.0,3.0,3.0,"['0.000', '-0.000', 'None']","['0.000', '0.000', 'None']",0.0,0.0,0,0
119,30464,155.07547651319794,142,3.0,0.0,3.0,3.0,"['0.000', '-0.000', 'None']","['0.000', '0.000', 'None']",0.0,0.0,0,0
120,30720,244.47100261537582,143,3.0,0.0,3.0,3.0,"['0.000', '-0.000', 'None']","['0.000', '0.000', 'None']",0.0,0.0,0,0
121,30976,252.3599386387572,144,3.0,0.0,3.0,3.0,"['-0.000', '-0.000', 'None']","['0.000', '0.000', 'None']",0.0,0.0,0,0
122,31232,261.58436528491416,145,3.0,0.0,3.0,3.0,"['0.000', '-0.000', 'None']","['0.000', '0.000', 'None']",0.0,0.0,0,0
123,31488,264.1845287933189,146,3.0,0.0,3.0,3.0,"['0.000', '-0.000', 'None']","['0.000', '0.000', 'None']",0.0,0.0,0,0
124,31744,227.6140196464987,148,3.0,0.0,3.0,3.0,"['0.000', '-0.000', 'None']","['0.000', '0.000', 'None']",0.0,0.0,0,0
125,32000,266.3161123776983,149,2.5,0.5,2.0,3.0,"['0.043', '0.087', 'None']","['0.007', '0.064', 'None']",-1.0,0.0,-1.0,-1.0
126,32256,259.46741873926027,149,3.0,0.0,3.0,3.0,"['0.048', '-0.027', 'None']","['0.001', '0.000', 'None']",0.0,0.0,0,0
127,32512,262.0086459241271,150,3.0,0.0,3.0,3.0,"['-0.037', '-0.021', 'None']","['0.001', '0.001', 'None']",0.0,0.0,0,0
128,32768,254.59171334710925,151,3.0,0.0,3.0,3.0,"['-0.064', '-0.015', 'None']","['0.002', '0.000', 'None']",0.0,0.0,0,0
129,33024,260.61176063971544,152,3.0,0.0,3.0,3.0,"['0.016', '-0.011', 'None']","['0.001', '0.000', 'None']",0.0,0.0,0,0
130,33280,227.8703712782039,154,3.0,0.0,3.0,3.0,"['nan', '-0.007', 'None']","['nan', '0.000', 'None']",0.0,0.0,0,0
131,33536,262.21032077449274,155,3.0,0.0,3.0,3.0,"['-0.019', '-0.005', 'None']","['0.000', '0.000', 'None']",0.0,0.0,0,0
132,33792,257.5975541060943,156,3.0,0.0,3.0,3.0,"['-0.012', '-0.003', 'None']","['0.000', '0.000', 'None']",0.0,0.0,0,0
133,34048,257.79719687380555,157,3.0,0.0,3.0,3.0,"['0.009', '-0.003', 'None']","['0.000', '0.000', 'None']",0.0,0.0,0,0
134,34304,262.2393947016859,158,3.0,0.0,3.0,3.0,"['-0.004', '-0.002', 'None']","['0.000', '0.000', 'None']",0.0,0.0,0,0
135,34560,264.60777227022504,159,3.0,0.0,3.0,3.0,"['-0.003', '-0.001', 'None']","['0.000', '0.000', 'None']",0.0,0.0,0,0
136,34816,207.75045686100262,160,3.0,0.0,3.0,3.0,"['0.001', '-0.001', 'None']","['0.000', '0.000', 'None']",0.0,0.0,0,0
137,35072,270.9370174824151,161,3.0,0.0,3.0,3.0,"['-0.001', '-0.001', 'None']","['0.000', '0.000', 'None']",0.0,0.0,0,0
138,35328,268.585864083887,162,3.0,0.0,3.0,3.0,"['-0.001', '-0.000', 'None']","['0.000', '0.000', 'None']",0.0,0.0,0,0
139,35584,263.4161275436869,163,3.0,0.0,3.0,3.0,"['-0.000', '-0.000', 'None']","['0.000', '0.000', 'None']",0.0,0.0,0,0
140,35840,264.866120164661,164,3.0,0.0,3.0,3.0,"['-0.000', '-0.000', 'None']","['0.000', '0.000', 'None']",0.0,0.0,0,0
141,36096,261.7116901134503,165,3.0,0.0,3.0,3.0,"['-0.000', '-0.000', 'None']","['0.000', '0.000', 'None']",0.0,0.0,0,0
142,36352,165.9440785447316,166,3.0,0.0,3.0,3.0,"['-0.000', '-0.000', 'None']","['0.000', '0.000', 'None']",0.0,0.0,0,0
143,36608,262.4890936937355,167,3.0,0.0,3.0,3.0,"['-0.000', '-0.000', 'None']","['0.000', '0.000', 'None']",0.0,0.0,0,0
144,36864,264.9233669246795,168,3.0,0.0,3.0,3.0,"['-0.000', '-0.000', 'None']","['0.000', '0.000', 'None']",0.0,0.0,0,0
145,37120,260.49207576465164,169,3.0,0.0,3.0,3.0,"['-0.000', '-0.000', 'None']","['0.000', '0.000', 'None']",0.0,0.0,0,0
146,37376,264.06602155778864,170,3.0,0.0,3.0,3.0,"['-0.000', '-0.000', 'None']","['0.000', '0.000', 'None']",0.0,0.0,0,0
147,37632,259.4348189668774,171,3.0,0.0,3.0,3.0,"['-0.000', '-0.000', 'None']","['0.000', '0.000', 'None']",0.0,0.0,0,0
148,37888,262.1726111223564,172,3.0,0.0,3.0,3.0,"['-0.000', '-0.000', 'None']","['0.000', '0.000', 'None']",0.0,0.0,0,0
149,38144,256.7518353561985,173,3.0,0.0,3.0,3.0,"['-0.000', '-0.000', 'None']","['0.000', '0.000', 'None']",0.0,0.0,0,0
150,38400,165.99377018124724,175,3.0,0.0,3.0,3.0,"['-0.000', '-0.000', 'None']","['0.000', '0.000', 'None']",0.0,0.0,0,0
151,38656,266.5992536405507,176,3.0,0.0,3.0,3.0,"['-0.000', '-0.000', 'None']","['0.000', '0.000', 'None']",0.0,0.0,0,0
152,38912,260.2823079162543,177,3.0,0.0,3.0,3.0,"['-0.000', '-0.000', 'None']","['0.000', '0.000', 'None']",0.0,0.0,0,0
153,39168,259.61045296959145,178,3.0,0.0,3.0,3.0,"['-0.000', '-0.000', 'None']","['0.000', '0.000', 'None']",0.0,0.0,0,0
154,39424,258.63026537895314,179,3.0,0.0,3.0,3.0,"['-0.000', '-0.000', 'None']","['0.000', '0.000', 'None']",0.0,0.0,0,0
155,39680,259.63688136432575,180,3.0,0.0,3.0,3.0,"['-0.000', '-0.000', 'None']","['0.000', '0.000', 'None']",0.0,0.0,0,0
156,39936,265.20754862381244,180,3.0,0.0,3.0,3.0,"['-0.000', '-0.000', 'None']","['0.000', '0.000', 'None']",0.0,0.0,0,0
157,40192,266.3344764822696,181,3.0,0.0,3.0,3.0,"['-0.000', '-0.000', 'None']","['0.000', '0.000', 'None']",0.0,0.0,0,0
158,40448,188.87362283915056,183,3.0,0.0,3.0,3.0,"['-0.000', '-0.000', 'None']","['0.000', '0.000', 'None']",0.0,0.0,0,0
159,40704,269.5251461659489,184,3.0,0.0,3.0,3.0,"['-0.000', '-0.000', 'None']","['0.000', '0.000', 'None']",0.0,0.0,0,0
160,40960,266.1892842719919,185,3.0,0.0,3.0,3.0,"['-0.000', '-0.000', 'None']","['0.000', '0.000', 'None']",0.0,0.0,0,0
161,41216,265.0732012470817,186,3.0,0.0,3.0,3.0,"['0.000', '-0.000', 'None']","['0.000', '0.000', 'None']",0.0,0.0,0,0
162,41472,155.96364098530555,187,3.0,0.0,3.0,3.0,"['-0.000', '-0.000', 'None']","['0.000', '0.000', 'None']",0.0,0.0,0,0
163,41728,266.3502002819923,188,3.0,0.0,3.0,3.0,"['-0.000', '-0.000', 'None']","['0.000', '0.000', 'None']",0.0,0.0,0,0
164,41984,260.87712818439553,189,3.0,0.0,3.0,3.0,"['-0.000', '-0.000', 'None']","['0.000', '0.000', 'None']",0.0,0.0,0,0
165,42240,262.1591688776914,190,3.0,0.0,3.0,3.0,"['-0.000', '-0.000', 'None']","['0.000', '0.000', 'None']",0.0,0.0,0,0
166,42496,259.6323611624268,191,3.0,0.0,3.0,3.0,"['-0.000', '-0.000', 'None']","['0.000', '0.000', 'None']",0.0,0.0,0,0
167,42752,266.1199463468362,192,3.0,0.0,3.0,3.0,"['-0.000', '-0.000', 'None']","['0.000', '0.000', 'None']",0.0,0.0,0,0
168,43008,190.40980296536156,194,1.0,2.0,-1.0,3.0,"['0.284', '-0.000', 'None']","['0.112', '0.000', 'None']",-1.0,0.0,-1.0,-1.0
169,43264,267.9774824824375,195,3.0,0.0,3.0,3.0,"['-0.097', '-0.000', 'None']","['0.022', '0.000', 'None']",0.0,0.0,0,0
170,43520,262.24105992354595,196,3.0,0.0,3.0,3.0,"['-0.118', '-0.000', 'None']","['0.002', '0.000', 'None']",0.0,0.0,0,0
171,43776,265.9674114058593,197,3.0,0.0,3.0,3.0,"['-0.011', '-0.000', 'None']","['0.004', '0.000', 'None']",0.0,0.0,0,0
172,44032,261.0700181139599,197,3.0,0.0,3.0,3.0,"['0.032', '-0.000', 'None']","['0.001', '0.000', 'None']",0.0,0.0,0,0
173,44288,201.12232713650198,199,3.0,0.0,3.0,3.0,"['-0.009', '-0.000', 'None']","['0.000', '0.000', 'None']",0.0,0.0,0,0
174,44544,239.47176508817424,200,3.0,0.0,3.0,3.0,"['-0.011', '-0.000', 'None']","['0.000', '0.000', 'None']",0.0,0.0,0,0
175,44800,225.2294156576277,201,3.0,0.0,3.0,3.0,"['0.009', '-0.000', 'None']","['0.000', '0.000', 'None']",0.0,0.0,0,0
176,45056,239.92600815497673,202,3.0,0.0,3.0,3.0,"['-0.000', '-0.000', 'None']","['0.000', '0.000', 'None']",0.0,0.0,0,0
177,45312,259.3255441289095,203,3.0,0.0,3.0,3.0,"['-0.004', '-0.000', 'None']","['0.000', '0.000', 'None']",0.0,0.0,0,0
178,45568,191.08092817188748,204,3.0,0.0,3.0,3.0,"['0.003', '-0.000', 'None']","['0.000', '0.000', 'None']",0.0,0.0,0,0
179,45824,268.72776462597193,205,3.0,0.0,3.0,3.0,"['0.000', '-0.000', 'None']","['0.000', '0.000', 'None']",0.0,0.0,0,0
180,46080,261.65977609794373,206,3.0,0.0,3.0,3.0,"['-0.001', '-0.000', 'None']","['0.000', '0.000', 'None']",0.0,0.0,0,0
181,46336,264.0879737540671,207,3.0,0.0,3.0,3.0,"['0.000', '-0.000', 'None']","['0.000', '0.000', 'None']",0.0,0.0,0,0
182,46592,266.709313324166,208,3.0,0.0,3.0,3.0,"['0.000', '-0.000', 'None']","['0.000', '0.000', 'None']",0.0,0.0,0,0
183,46848,199.437137028612,210,3.0,0.0,3.0,3.0,"['-0.000', '-0.000', 'None']","['0.000', '0.000', 'None']",0.0,0.0,0,0
184,47104,264.0826477379965,211,3.0,0.0,3.0,3.0,"['0.000', '-0.000', 'None']","['0.000', '0.000', 'None']",0.0,0.0,0,0
185,47360,263.5372861159278,212,3.0,0.0,3.0,3.0,"['-0.000', '-0.000', 'None']","['0.000', '0.000', 'None']",0.0,0.0,0,0
186,47616,262.5367796351573,212,3.0,0.0,3.0,3.0,"['-0.000', '-0.000', 'None']","['0.000', '0.000', 'None']",0.0,0.0,0,0
187,47872,259.66582694310716,213,3.0,0.0,3.0,3.0,"['0.000', '-0.000', 'None']","['0.000', '0.000', 'None']",0.0,0.0,0,0
188,48128,263.11178372402003,214,3.0,0.0,3.0,3.0,"['-0.000', '-0.000', 'None']","['0.000', '0.000', 'None']",0.0,0.0,0,0
189,48384,168.34598306571542,216,3.0,0.0,3.0,3.0,"['0.000', '-0.000', 'None']","['0.000', '0.000', 'None']",0.0,0.0,0,0
190,48640,267.5929396295763,217,3.0,0.0,3.0,3.0,"['0.000', '-0.000', 'None']","['0.000', '0.000', 'None']",0.0,0.0,0,0
191,48896,208.2977581655768,218,3.0,0.0,3.0,3.0,"['-0.000', '-0.000', 'None']","['0.000', '0.000', 'None']",0.0,0.0,0,0
192,49152,203.24767633372662,219,3.0,0.0,3.0,3.0,"['-0.000', '-0.000', 'None']","['0.000', '0.000', 'None']",0.0,0.0,0,0
193,49408,209.78858503042764,221,3.0,0.0,3.0,3.0,"['0.000', '-0.000', 'None']","['0.000', '0.000', 'None']",0.0,0.0,0,0
194,49664,172.41679916834656,222,3.0,0.0,3.0,3.0,"['0.000', '-0.000', 'None']","['0.000', '0.000', 'None']",0.0,0.0,0,0
195,49920,225.3458387672088,223,3.0,0.0,3.0,3.0,"['0.000', '-0.000', 'None']","['0.000', '0.000', 'None']",0.0,0.0,0,0
196,50176,219.34872166983715,224,3.0,0.0,3.0,3.0,"['-0.000', '-0.000', 'None']","['0.000', '0.000', 'None']",0.0,0.0,0,0
197,50432,224.1756690455044,226,3.0,0.0,3.0,3.0,"['-0.000', '-0.000', 'None']","['0.000', '0.000', 'None']",0.0,0.0,0,0
198,50688,146.68594133473954,227,3.0,0.0,3.0,3.0,"['0.000', '-0.000', 'None']","['0.000', '0.000', 'None']",0.0,0.0,0,0
199,50944,219.9990829118573,229,3.0,0.0,3.0,3.0,"['0.000', '-0.000', 'None']","['0.000', '0.000', 'None']",0.0,0.0,0,0
200,51200,214.07270851737746,230,3.0,0.0,3.0,3.0,"['-0.000', '-0.000', 'None']","['0.000', '0.000', 'None']",0.0,0.0,0,0
201,51456,209.4229486390574,231,3.0,0.0,3.0,3.0,"['0.000', '-0.000', 'None']","['0.000', '0.000', 'None']",0.0,0.0,0,0
202,51712,205.82289607623335,232,3.0,0.0,3.0,3.0,"['0.000', '-0.000', 'None']","['0.000', '0.000', 'None']",0.0,0.0,0,0
203,51968,133.5603107603598,234,3.0,0.0,3.0,3.0,"['0.000', '-0.000', 'None']","['0.000', '0.000', 'None']",0.0,0.0,0,0
204,52224,203.66835805160497,235,3.0,0.0,3.0,3.0,"['nan', '-0.000', 'None']","['nan', '0.000', 'None']",0.0,0.0,0,0
205,52480,219.18443865391663,237,3.0,0.0,3.0,3.0,"['0.000', '-0.000', 'None']","['0.000', '0.000', 'None']",0.0,0.0,0,0
206,52736,216.55224500085714,238,3.0,0.0,3.0,3.0,"['0.000', '-0.000', 'None']","['0.000', '0.000', 'None']",0.0,0.0,0,0
207,52992,210.3455794082892,239,3.0,0.0,3.0,3.0,"['-0.000', '-0.000', 'None']","['0.000', '0.000', 'None']",0.0,0.0,0,0
208,53248,129.91903202778082,241,3.0,0.0,3.0,3.0,"['-0.000', '-0.000', 'None']","['0.000', '0.000', 'None']",0.0,0.0,0,0
209,53504,220.98773243764447,242,3.0,0.0,3.0,3.0,"['0.000', '-0.000', 'None']","['0.000', '0.000', 'None']",0.0,0.0,0,0
210,53760,258.0217621837062,243,3.0,0.0,3.0,3.0,"['-0.000', '-0.000', 'None']","['0.000', '0.000', 'None']",0.0,0.0,0,0
211,54016,159.38156720142095,245,3.0,0.0,3.0,3.0,"['0.000', '-0.000', 'None']","['0.000', '0.000', 'None']",0.0,0.0,0,0
212,54272,266.655729000717,246,3.0,0.0,3.0,3.0,"['-0.000', '-0.000', 'None']","['0.000', '0.000', 'None']",0.0,0.0,0,0
213,54528,262.83014324260085,247,3.0,0.0,3.0,3.0,"['-0.000', '-0.000', 'None']","['0.000', '0.000', 'None']",0.0,0.0,0,0
214,54784,260.6388994412879,248,3.0,0.0,3.0,3.0,"['-0.000', '-0.000', 'None']","['0.000', '0.000', 'None']",0.0,0.0,0,0
215,55040,259.1811344145926,249,3.0,0.0,3.0,3.0,"['0.000', '-0.000', 'None']","['0.000', '0.000', 'None']",0.0,0.0,0,0
216,55296,263.31322385632296,250,3.0,0.0,3.0,3.0,"['-0.000', '-0.000', 'None']","['0.000', '0.000', 'None']",0.0,0.0,0,0
217,55552,224.62602468426076,251,3.0,0.0,3.0,3.0,"['0.000', '-0.000', 'None']","['0.000', '0.000', 'None']",0.0,0.0,0,0
218,55808,264.16535511720787,252,3.0,0.0,3.0,3.0,"['-0.000', '-0.000', 'None']","['0.000', '0.000', 'None']",0.0,0.0,0,0
219,56064,250.41199038877065,253,3.0,0.0,3.0,3.0,"['-0.000', '-0.000', 'None']","['0.000', '0.000', 'None']",0.0,0.0,0,0
220,56320,256.5931067872769,254,3.0,0.0,3.0,3.0,"['0.000', '-0.000', 'None']","['0.000', '0.000', 'None']",0.0,0.0,0,0
221,56576,261.33930972308895,255,3.0,0.0,3.0,3.0,"['0.000', '-0.000', 'None']","['0.000', '0.000', 'None']",0.0,0.0,0,0
222,56832,257.2065879881992,256,3.0,0.0,3.0,3.0,"['0.000', '-0.000', 'None']","['0.000', '0.000', 'None']",0.0,0.0,0,0
223,57088,161.64018793308233,257,3.0,0.0,3.0,3.0,"['0.000', '-0.000', 'None']","['0.000', '0.000', 'None']",0.0,0.0,0,0
224,57344,266.9431769053051,258,3.0,0.0,3.0,3.0,"['0.000', '-0.000', 'None']","['0.000', '0.000', 'None']",0.0,0.0,0,0
225,57600,265.2506576660679,259,3.0,0.0,3.0,3.0,"['-0.000', '-0.000', 'None']","['0.000', '0.000', 'None']",0.0,0.0,0,0
226,57856,261.2100592486094,260,3.0,0.0,3.0,3.0,"['-0.000', '-0.000', 'None']","['0.000', '0.000', 'None']",0.0,0.0,0,0
227,58112,255.59767916730343,261,3.0,0.0,3.0,3.0,"['-0.000', '-0.000', 'None']","['0.000', '0.000', 'None']",0.0,0.0,0,0
228,58368,261.3449073195143,262,3.0,0.0,3.0,3.0,"['0.000', '-0.000', 'None']","['0.000', '0.000', 'None']",0.0,0.0,0,0
229,58624,229.0649713205272,263,3.0,0.0,3.0,3.0,"['0.000', '-0.000', 'None']","['0.000', '0.000', 'None']",0.0,0.0,0,0
230,58880,264.7349903055096,264,3.0,0.0,3.0,3.0,"['-0.000', '-0.000', 'None']","['0.000', '0.000', 'None']",0.0,0.0,0,0
231,59136,265.68100814802534,265,3.0,0.0,3.0,3.0,"['0.000', '-0.000', 'None']","['0.000', '0.000', 'None']",0.0,0.0,0,0
232,59392,266.3911040695939,266,3.0,0.0,3.0,3.0,"['nan', '-0.000', 'None']","['nan', '0.000', 'None']",0.0,0.0,0,0
233,59648,260.7798716965405,267,3.0,0.0,3.0,3.0,"['0.000', '-0.000', 'None']","['0.000', '0.000', 'None']",0.0,0.0,0,0
234,59904,262.5279856352394,268,3.0,0.0,3.0,3.0,"['0.000', '-0.000', 'None']","['0.000', '0.000', 'None']",0.0,0.0,0,0
235,60160,196.54647126152952,270,3.0,0.0,3.0,3.0,"['0.000', '-0.000', 'None']","['0.000', '0.000', 'None']",0.0,0.0,0,0
236,60416,261.82636932880985,271,3.0,0.0,3.0,3.0,"['0.000', '-0.000', 'None']","['0.000', '0.000', 'None']",0.0,0.0,0,0
237,60672,249.3874889792536,272,3.0,0.0,3.0,3.0,"['-0.000', '-0.000', 'None']","['0.000', '0.000', 'None']",0.0,0.0,0,0
238,60928,257.77918664795675,273,3.0,0.0,3.0,3.0,"['-0.000', '-0.000', 'None']","['0.000', '0.000', 'None']",0.0,0.0,0,0
239,61184,260.6354197918882,274,3.0,0.0,3.0,3.0,"['0.000', '-0.000', 'None']","['0.000', '0.000', 'None']",0.0,0.0,0,0
240,61440,255.17424202275873,275,3.0,0.0,3.0,3.0,"['-0.000', '-0.000', 'None']","['0.000', '0.000', 'None']",0.0,0.0,0,0
241,61696,130.57155010617265,277,3.0,0.0,3.0,3.0,"['0.000', '-0.000', 'None']","['0.000', '0.000', 'None']",0.0,0.0,0,0
242,61952,269.8635062089814,277,3.0,0.0,3.0,3.0,"['0.000', '-0.000', 'None']","['0.000', '0.000', 'None']",0.0,0.0,0,0
243,62208,240.67643740123506,279,3.0,0.0,3.0,3.0,"['-0.000', '-0.000', 'None']","['0.000', '0.000', 'None']",0.0,0.0,0,0
244,62464,242.06774296234107,280,3.0,0.0,3.0,3.0,"['0.000', '-0.000', 'None']","['0.000', '0.000', 'None']",0.0,0.0,0,0
245,62720,256.7862207046244,281,3.0,0.0,3.0,3.0,"['0.000', '-0.000', 'None']","['0.000', '0.000', 'None']",0.0,0.0,0,0
246,62976,256.4824749773912,282,3.0,0.0,3.0,3.0,"['0.000', '-0.000', 'None']","['0.000', '0.000', 'None']",0.0,0.0,0,0
247,63232,246.4014385593478,283,3.0,0.0,3.0,3.0,"['-0.000', '-0.000', 'None']","['0.000', '0.000', 'None']",0.0,0.0,0,0
248,63488,198.13951785529753,284,3.0,0.0,3.0,3.0,"['0.000', '-0.000', 'None']","['0.000', '0.000', 'None']",0.0,0.0,0,0
249,63744,249.1486127392425,285,3.0,0.0,3.0,3.0,"['-0.000', '-0.000', 'None']","['0.000', '0.000', 'None']",0.0,0.0,0,0
250,64000,234.17934948788758,286,3.0,0.0,3.0,3.0,"['-0.000', '-0.000', 'None']","['0.000', '0.000', 'None']",0.0,0.0,0,0
251,64256,241.4156709248331,287,3.0,0.0,3.0,3.0,"['0.000', '-0.000', 'None']","['0.000', '0.000', 'None']",0.0,0.0,0,0
252,64512,230.14975634484037,288,3.0,0.0,3.0,3.0,"['-0.000', '-0.000', 'None']","['0.000', '0.000', 'None']",0.0,0.0,0,0
253,64768,154.3706415929935,290,3.0,0.0,3.0,3.0,"['0.000', '-0.000', 'None']","['0.000', '0.000', 'None']",0.0,0.0,0,0
254,65024,259.7625054674527,291,3.0,0.0,3.0,3.0,"['0.000', '-0.000', 'None']","['0.000', '0.000', 'None']",0.0,0.0,0,0
255,65280,257.36089498756627,292,3.0,0.0,3.0,3.0,"['0.000', '-0.000', 'None']","['0.000', '0.000', 'None']",0.0,0.0,0,0
256,65536,253.89501541470742,293,3.0,0.0,3.0,3.0,"['-0.000', '-0.000', 'None']","['0.000', '0.000', 'None']",0.0,0.0,0,0
257,65792,258.58791116694056,294,3.0,0.0,3.0,3.0,"['nan', '-0.000', 'None']","['nan', '0.000', 'None']",0.0,0.0,0,0
258,66048,221.64411208640996,295,3.0,0.0,3.0,3.0,"['0.000', '-0.000', 'None']","['0.000', '0.000', 'None']",0.0,0.0,0,0
259,66304,233.95127239957503,296,3.0,0.0,3.0,3.0,"['0.000', '-0.000', 'None']","['0.000', '0.000', 'None']",0.0,0.0,0,0
260,66560,240.8713437750968,297,3.0,0.0,3.0,3.0,"['-0.000', '-0.000', 'None']","['0.000', '0.000', 'None']",0.0,0.0,0,0
261,66816,245.2692257702426,298,3.0,0.0,3.0,3.0,"['0.000', '-0.000', 'None']","['0.000', '0.000', 'None']",0.0,0.0,0,0
262,67072,229.44706501046116,299,3.0,0.0,3.0,3.0,"['0.000', '-0.000', 'None']","['0.000', '0.000', 'None']",0.0,0.0,0,0
263,67328,169.1661418734566,301,3.0,0.0,3.0,3.0,"['0.000', '-0.000', 'None']","['0.000', '0.000', 'None']",0.0,0.0,0,0
264,67584,249.57118149698292,302,3.0,0.0,3.0,3.0,"['-0.000', '-0.000', 'None']","['0.000', '0.000', 'None']",0.0,0.0,0,0
265,67840,255.211057051247,303,3.0,0.0,3.0,3.0,"['-0.000', '-0.000', 'None']","['0.000', '0.000', 'None']",0.0,0.0,0,0
266,68096,244.06157558488283,304,3.0,0.0,3.0,3.0,"['-0.000', '-0.000', 'None']","['0.000', '0.000', 'None']",0.0,0.0,0,0
267,68352,253.26226069924738,305,3.0,0.0,3.0,3.0,"['-0.000', '-0.000', 'None']","['0.000', '0.000', 'None']",0.0,0.0,0,0
268,68608,151.05818545345375,307,3.0,0.0,3.0,3.0,"['nan', '-0.000', 'None']","['nan', '0.000', 'None']",0.0,0.0,0,0
269,68864,273.51350778554644,308,3.0,0.0,3.0,3.0,"['nan', '-0.000', 'None']","['nan', '0.000', 'None']",0.0,0.0,0,0
270,69120,263.2941118773706,309,3.0,0.0,3.0,3.0,"['-0.000', '-0.000', 'None']","['0.000', '0.000', 'None']",0.0,0.0,0,0
271,69376,253.01811352499627,310,3.0,0.0,3.0,3.0,"['-0.000', '-0.000', 'None']","['0.000', '0.000', 'None']",0.0,0.0,0,0
272,69632,259.2050976706729,311,3.0,0.0,3.0,3.0,"['0.000', '-0.000', 'None']","['0.000', '0.000', 'None']",0.0,0.0,0,0
273,69888,261.16558547142114,312,3.0,0.0,3.0,3.0,"['0.000', '-0.000', 'None']","['0.000', '0.000', 'None']",0.0,0.0,0,0
274,70144,155.08060555483823,313,3.0,0.0,3.0,3.0,"['0.000', '-0.000', 'None']","['0.000', '0.000', 'None']",0.0,0.0,0,0
275,70400,263.6461911152951,314,3.0,0.0,3.0,3.0,"['0.000', '-0.000', 'None']","['0.000', '0.000', 'None']",0.0,0.0,0,0
276,70656,263.15995418837423,315,3.0,0.0,3.0,3.0,"['-0.000', '-0.000', 'None']","['0.000', '0.000', 'None']",0.0,0.0,0,0
277,70912,265.1965443052637,316,3.0,0.0,3.0,3.0,"['-0.000', '-0.000', 'None']","['0.000', '0.000', 'None']",0.0,0.0,0,0
278,71168,263.1135245179564,317,3.0,0.0,3.0,3.0,"['0.000', '-0.000', 'None']","['0.000', '0.000', 'None']",0.0,0.0,0,0
279,71424,255.83878566967846,318,3.0,0.0,3.0,3.0,"['-0.000', '-0.000', 'None']","['0.000', '0.000', 'None']",0.0,0.0,0,0
280,71680,166.07895906252025,320,3.0,0.0,3.0,3.0,"['0.000', '-0.000', 'None']","['0.000', '0.000', 'None']",0.0,0.0,0,0
281,71936,243.80505074816648,321,3.0,0.0,3.0,3.0,"['0.000', '-0.000', 'None']","['0.000', '0.000', 'None']",0.0,0.0,0,0
282,72192,256.9956788495314,322,3.0,0.0,3.0,3.0,"['0.000', '-0.000', 'None']","['0.000', '0.000', 'None']",0.0,0.0,0,0
283,72448,251.30482295952388,323,3.0,0.0,3.0,3.0,"['-0.000', '-0.000', 'None']","['0.000', '0.000', 'None']",0.0,0.0,0,0
284,72704,258.0024186934778,324,3.0,0.0,3.0,3.0,"['0.000', '-0.000', 'None']","['0.000', '0.000', 'None']",0.0,0.0,0,0
285,72960,253.14272431032668,325,3.0,0.0,3.0,3.0,"['0.000', '-0.000', 'None']","['0.000', '0.000', 'None']",0.0,0.0,0,0
286,73216,152.97345970402634,327,3.0,0.0,3.0,3.0,"['0.000', '-0.000', 'None']","['0.000', '0.000', 'None']",0.0,0.0,0,0
287,73472,264.8659241566222,327,3.0,0.0,3.0,3.0,"['-0.000', '-0.000', 'None']","['0.000', '0.000', 'None']",0.0,0.0,0,0
288,73728,264.8878135136122,328,3.0,0.0,3.0,3.0,"['-0.000', '-0.000', 'None']","['0.000', '0.000', 'None']",0.0,0.0,0,0
289,73984,263.22866146195184,329,3.0,0.0,3.0,3.0,"['-0.000', '-0.000', 'None']","['0.000', '0.000', 'None']",0.0,0.0,0,0
290,74240,254.96416915834945,330,3.0,0.0,3.0,3.0,"['-0.000', '-0.000', 'None']","['0.000', '0.000', 'None']",0.0,0.0,0,0
291,74496,140.40449407642168,332,3.0,0.0,3.0,3.0,"['0.000', '-0.000', 'None']","['0.000', '0.000', 'None']",0.0,0.0,0,0
292,74752,212.67550175459863,334,3.0,0.0,3.0,3.0,"['-0.000', '-0.000', 'None']","['0.000', '0.000', 'None']",0.0,0.0,0,0
293,75008,217.8566122293206,335,3.0,0.0,3.0,3.0,"['0.000', '-0.000', 'None']","['0.000', '0.000', 'None']",0.0,0.0,0,0
294,75264,263.5467947311348,336,3.0,0.0,3.0,3.0,"['-0.000', '-0.000', 'None']","['0.000', '0.000', 'None']",0.0,0.0,0,0
295,75520,260.7426989667104,337,3.0,0.0,3.0,3.0,"['-0.000', '-0.000', 'None']","['0.000', '0.000', 'None']",0.0,0.0,0,0
296,75776,227.8108570972719,338,3.0,0.0,3.0,3.0,"['-0.000', '-0.000', 'None']","['0.000', '0.000', 'None']",0.0,0.0,0,0
297,76032,165.65534354595695,339,3.0,0.0,3.0,3.0,"['-0.000', '-0.000', 'None']","['0.000', '0.000', 'None']",0.0,0.0,0,0
298,76288,234.36484275772744,340,3.0,0.0,3.0,3.0,"['-0.000', '-0.000', 'None']","['0.000', '0.000', 'None']",0.0,0.0,0,0
299,76544,244.40033295602262,341,3.0,0.0,3.0,3.0,"['0.000', '-0.000', 'None']","['0.000', '0.000', 'None']",0.0,0.0,0,0
300,76800,244.15042372785007,343,3.0,0.0,3.0,3.0,"['0.000', '-0.000', 'None']","['0.000', '0.000', 'None']",0.0,0.0,0,0
301,77056,188.87402151957718,344,3.0,0.0,3.0,3.0,"['0.000', '-0.000', 'None']","['0.000', '0.000', 'None']",0.0,0.0,0,0
302,77312,257.30390992293644,345,3.0,0.0,3.0,3.0,"['0.000', '-0.000', 'None']","['0.000', '0.000', 'None']",0.0,0.0,0,0
303,77568,248.68369162199977,346,3.0,0.0,3.0,3.0,"['0.000', '-0.000', 'None']","['0.000', '0.000', 'None']",0.0,0.0,0,0
304,77824,241.82557436122653,347,3.0,0.0,3.0,3.0,"['0.000', '-0.000', 'None']","['0.000', '0.000', 'None']",0.0,0.0,0,0
305,78080,233.38073593901603,348,3.0,0.0,3.0,3.0,"['0.000', '-0.000', 'None']","['0.000', '0.000', 'None']",0.0,0.0,0,0
306,78336,157.405968586587,350,3.0,0.0,3.0,3.0,"['-0.000', '-0.000', 'None']","['0.000', '0.000', 'None']",0.0,0.0,0,0
307,78592,225.8996764271498,351,3.0,0.0,3.0,3.0,"['-0.000', '-0.000', 'None']","['0.000', '0.000', 'None']",0.0,0.0,0,0
308,78848,230.37448158642172,352,3.0,0.0,3.0,3.0,"['0.000', '-0.000', 'None']","['0.000', '0.000', 'None']",0.0,0.0,0,0
309,79104,237.94395006141715,353,3.0,0.0,3.0,3.0,"['0.000', '-0.000', 'None']","['0.000', '0.000', 'None']",0.0,0.0,0,0
310,79360,230.0992523404942,354,3.0,0.0,3.0,3.0,"['0.000', '-0.000', 'None']","['0.000', '0.000', 'None']",0.0,0.0,0,0
311,79616,248.76965503755727,355,3.0,0.0,3.0,3.0,"['0.000', '-0.000', 'None']","['0.000', '0.000', 'None']",0.0,0.0,0,0
312,79872,199.2790495852737,357,3.0,0.0,3.0,3.0,"['-0.000', '-0.000', 'None']","['0.000', '0.000', 'None']",0.0,0.0,0,0
313,80128,225.97174884419437,358,3.0,0.0,3.0,3.0,"['-0.000', '-0.000', 'None']","['0.000', '0.000', 'None']",0.0,0.0,0,0
314,80384,250.6553444678456,359,3.0,0.0,3.0,3.0,"['-0.000', '-0.000', 'None']","['0.000', '0.000', 'None']",0.0,0.0,0,0
315,80640,255.81623308413447,360,3.0,0.0,3.0,3.0,"['-0.000', '-0.000', 'None']","['0.000', '0.000', 'None']",0.0,0.0,0,0
316,80896,247.34872946442803,361,3.0,0.0,3.0,3.0,"['0.000', '-0.000', 'None']","['0.000', '0.000', 'None']",0.0,0.0,0,0
317,81152,159.5804468435156,362,3.0,0.0,3.0,3.0,"['0.000', '-0.000', 'None']","['0.000', '0.000', 'None']",0.0,0.0,0,0
318,81408,257.0085352616002,363,3.0,0.0,3.0,3.0,"['-0.000', '-0.000', 'None']","['0.000', '0.000', 'None']",0.0,0.0,0,0
319,81664,238.80261820847412,364,3.0,0.0,3.0,3.0,"['0.000', '-0.000', 'None']","['0.000', '0.000', 'None']",0.0,0.0,0,0
320,81920,245.50621858553959,365,3.0,0.0,3.0,3.0,"['0.000', '-0.000', 'None']","['0.000', '0.000', 'None']",0.0,0.0,0,0
321,82176,246.6923046348639,367,3.0,0.0,3.0,3.0,"['0.000', '-0.000', 'None']","['0.000', '0.000', 'None']",0.0,0.0,0,0
322,82432,257.2493537272032,368,3.0,0.0,3.0,3.0,"['0.000', '-0.000', 'None']","['0.000', '0.000', 'None']",0.0,0.0,0,0
323,82688,242.3793706779112,369,3.0,0.0,3.0,3.0,"['0.000', '-0.000', 'None']","['0.000', '0.000', 'None']",0.0,0.0,0,0
324,82944,165.30475408546403,370,3.0,0.0,3.0,3.0,"['-0.000', '-0.000', 'None']","['0.000', '0.000', 'None']",0.0,0.0,0,0
